COD_DANE,Total_Viviendas,Casas,Casas_indigenas,Apartamento,Tipo_Cuarto,Electrica_SI,Electrica_NO,GasNatural_SI,GasNatur_NO,Alcantarillado_SI,Alcantarillado_NO,Acueducto_SI,Acueducto_NO,Total_Hogares,Total_Personas,HOMBRE,MUJER,Preescolar,Primaria,Secundaria,Especializacion,Ninguna_Educacion,No_responde
7300110000000000590101,37,23,,14,0,34,0,30,4,34,0,34,0,35,146,59,87,2,44,21,1,15,63
7300110000000000320703,30,16,,14,0,30,0,28,2,30,0,30,0,34,129,51,78,3,22,29,0,5,70
7300110000000000330935,156,35,,117,3,146,1,89,58,146,1,146,1,149,511,243,268,17,97,88,4,30,275
7300110000000000330221,15,14,,1,0,14,1,7,8,14,1,14,1,15,48,27,21,0,6,9,1,0,32
7300110000000000330103,36,34,,2,0,36,0,32,4,36,0,36,0,36,115,52,63,2,16,13,2,2,80
7300110000000000590402,53,43,,9,1,53,0,50,3,53,0,53,0,53,181,88,93,2,62,37,0,7,73
7300110000000000580504,19,13,,4,2,18,0,13,5,18,0,18,0,18,66,35,31,3,22,20,0,5,16
7300110000000000530416,38,23,,13,2,37,0,35,2,37,0,37,0,38,139,69,70,3,25,33,0,12,66
7300110000000000330318,5,5,,0,0,4,1,3,2,5,0,5,0,5,16,8,8,0,4,4,0,7,1
7300110000000000590715,6,3,,2,1,6,0,2,4,6,0,6,0,6,16,9,7,0,8,3,0,1,4
7300110000000000330341,17,6,,10,1,17,0,15,2,17,0,17,0,17,61,26,35,0,17,17,0,3,24
7300110000000000580301,55,8,,46,1,55,0,54,1,55,0,55,0,99,273,109,164,50,10,11,0,3,199
7300110000000000330915,12,7,,5,0,12,0,11,1,12,0,12,0,12,35,17,18,1,8,5,1,2,18
7300110000000000590207,35,32,,3,0,33,0,23,9,33,0,33,0,33,124,53,71,2,34,35,0,6,47
7300110000000000331122,28,22,,6,0,28,0,20,8,28,0,28,0,28,120,62,58,6,21,15,9,4,65
7300110000000000330243,26,18,,7,1,25,0,8,17,25,0,25,0,25,106,53,53,3,36,24,2,9,32
7300110000000000330335,17,14,,3,0,17,0,16,1,17,0,17,0,18,65,31,34,3,18,16,0,3,25
7300110000000000330102,53,35,,16,2,52,0,41,11,52,0,52,0,53,190,86,104,9,30,49,4,5,93
7300110000000000130307,31,30,,1,0,29,0,27,2,29,0,29,0,29,126,66,60,4,12,21,8,5,76
7300110000000000140414,10,5,,4,1,10,0,10,0,10,0,10,0,10,43,16,27,2,10,8,0,3,20
7300110000000000590505,18,14,,4,0,16,0,11,5,16,0,16,0,18,73,40,33,0,25,17,0,11,20
7300110000000000580508,34,32,,2,0,33,0,23,10,33,0,33,0,33,115,47,68,3,33,36,0,4,39
7300110000000000580322,20,18,,1,1,19,0,19,0,19,0,19,0,21,78,38,40,0,24,17,0,6,31
7300110000000000330217,17,13,,4,0,16,0,13,3,16,0,16,0,16,49,20,29,2,4,6,0,0,37
7300110000000000580505,30,30,,0,0,26,0,17,9,26,0,26,0,26,81,40,41,2,17,21,3,3,35
7300110000000000330328,29,19,,10,0,29,0,24,5,29,0,29,0,30,119,52,67,2,35,26,0,3,53
7300110000000000580114,38,24,,11,3,38,0,32,6,38,0,38,0,40,141,65,76,5,43,24,2,8,59
7300110000000000580115,37,26,,11,0,37,0,32,5,36,1,37,0,38,152,77,75,3,53,41,0,6,49
7300110000000000330407,34,21,,11,2,33,0,28,5,33,0,33,0,47,152,70,82,5,40,34,0,10,63
7300110000000000331111,33,24,,9,0,33,0,30,3,33,0,33,0,34,119,59,60,2,22,17,5,3,70
7300110000000000580112,19,17,,2,0,16,1,11,6,17,0,17,0,17,53,22,31,0,16,15,0,4,18
7300110000000000730239,38,14,,17,7,37,1,23,15,35,3,35,3,39,158,70,88,1,69,36,0,27,25
7300110000000000330338,6,5,,0,1,6,0,4,2,6,0,6,0,7,26,13,13,1,9,6,0,2,8
7300110000000000590716,100,92,,1,7,100,0,22,78,41,59,78,22,105,433,202,231,14,191,66,0,89,73
7300110000000000140118,45,21,,22,2,44,1,37,8,44,1,44,1,47,154,78,76,5,35,30,5,5,74
7300110000000000590407,37,23,,14,0,37,0,31,6,37,0,37,0,39,142,64,78,5,37,33,1,9,57
7300110000000000560719,99,1,,98,0,91,0,55,36,91,0,91,0,93,260,114,146,9,47,30,5,4,165
7300110000000000580411,23,23,,0,0,22,0,18,4,22,0,22,0,22,66,27,39,0,22,15,1,7,21
7300110000000000330249,21,18,,2,1,21,0,17,4,21,0,21,0,22,81,35,46,4,17,24,2,2,32
7300110000000000330804,12,8,,4,0,12,0,11,1,12,0,12,0,14,49,25,24,1,18,8,3,4,15
7300110000000000580414,26,22,,2,2,22,0,19,3,22,0,22,0,22,76,36,40,1,28,17,0,6,24
7300110000000000580513,24,23,,1,0,22,0,17,5,22,0,22,0,22,79,34,45,2,19,22,1,2,33
7300110000000000590603,25,21,,4,0,25,0,25,0,25,0,25,0,26,121,57,64,4,34,24,1,9,49
7300110000000000330229,18,17,,1,0,18,0,14,4,18,0,18,0,18,60,29,31,0,5,7,1,1,46
7300110000000000331113,31,26,,4,1,31,0,26,5,31,0,31,0,32,118,48,70,2,19,17,5,5,70
7300110000000000330507,35,13,,21,1,33,0,24,9,33,0,33,0,34,106,48,58,4,31,19,0,7,45
7300110000000000590410,45,32,,12,0,44,1,42,3,44,1,45,0,46,164,71,93,2,34,42,1,7,78
7300110000000000580310,15,10,,4,1,15,0,11,3,15,0,15,0,18,54,26,28,0,17,12,0,3,22
7300110000000000580514,22,22,,0,0,22,0,18,4,22,0,22,0,22,91,38,53,2,22,23,0,4,40
7300110000000000330305,27,23,,4,0,27,0,21,6,27,0,27,0,31,116,59,57,8,30,27,2,5,44
7300110000000000320704,38,22,,13,3,38,0,24,13,38,0,38,0,42,140,64,76,0,42,33,0,7,58
7300110000000000530107,27,23,,4,0,26,0,22,4,26,0,26,0,29,112,52,60,5,27,25,0,3,52
7300110000000000140409,16,9,,7,0,16,0,11,5,16,0,16,0,17,48,20,28,0,13,11,0,1,23
7300110000000000590412,38,7,,28,3,37,0,24,13,37,0,37,0,37,116,57,59,3,24,28,1,9,51
7300110000000000330821,47,20,,19,8,46,0,39,7,46,0,46,0,46,165,65,100,4,43,34,2,5,77
7300110000000000590215,68,66,,2,0,67,0,66,1,67,0,67,0,124,321,156,165,2,67,11,0,1,240
7300110000000000580320,20,19,,1,0,19,0,16,3,19,0,19,0,19,80,39,41,3,25,17,0,5,30
7300110000000000140307,0,0,,0,0,0,0,0,0,0,0,0,0,0,0,0,0,0,0,0,0,0,0
7300110000000000590205,0,0,,0,0,0,0,0,0,0,0,0,0,0,0,0,0,0,0,0,0,0,0
7300110000000000130422,0,0,,0,0,0,0,0,0,0,0,0,0,0,0,0,0,0,0,0,0,0,0
7300110000000000560722,0,0,,0,0,0,0,0,0,0,0,0,0,0,0,0,0,0,0,0,0,0,0
7300110000000000560824,0,0,,0,0,0,0,0,0,0,0,0,0,0,0,0,0,0,0,0,0,0,0
7300110000000000330117,0,0,,0,0,0,0,0,0,0,0,0,0,0,0,0,0,0,0,0,0,0,0
7300110000000000140126,0,0,,0,0,0,0,0,0,0,0,0,0,0,0,0,0,0,0,0,0,0,0
7300110000000000560818,0,0,,0,0,0,0,0,0,0,0,0,0,0,0,0,0,0,0,0,0,0,0
7300110000000000330925,0,0,,0,0,0,0,0,0,0,0,0,0,0,0,0,0,0,0,0,0,0,0
7300110000000000560721,0,0,,0,0,0,0,0,0,0,0,0,0,0,0,0,0,0,0,0,0,0,0
7300110000000000590618,23,18,,3,2,21,0,14,3,21,0,21,0,21,66,32,34,4,21,17,0,8,16
7300110000000000580304,37,34,,3,0,37,0,33,4,37,0,37,0,40,118,55,63,1,35,22,0,12,48
7300110000000000590718,4,1,,0,3,4,0,0,4,4,0,4,0,4,9,6,3,0,2,1,0,5,1
7300110000000000130206,20,16,,4,0,20,0,15,5,20,0,20,0,20,72,35,37,2,10,15,5,2,38
7300110000000000590122,29,19,,9,1,29,0,26,2,29,0,29,0,30,112,45,67,1,38,31,0,8,34
7300110000000000330302,14,8,,6,0,14,0,12,2,14,0,14,0,14,46,26,20,1,23,12,0,4,6
7300110000000000560821,35,33,,2,0,35,0,31,4,35,0,35,0,36,143,64,79,6,37,24,7,7,62
7300110000000000590307,25,23,,2,0,23,0,15,8,23,0,23,0,26,92,53,39,1,27,25,0,6,33
7300110000000000560816,14,12,,2,0,14,0,12,2,14,0,14,0,15,60,29,31,4,11,9,3,0,33
7300110000000000730103,22,17,,3,2,22,0,13,9,22,0,22,0,22,106,54,52,2,43,25,0,12,24
7300110000000000330101,67,35,,32,0,66,0,55,11,66,0,66,0,67,261,114,147,8,46,39,4,8,156
7300110000000000331115,36,25,,11,0,36,0,30,6,36,0,36,0,36,126,54,72,3,29,12,5,4,73
7300110000000000130227,18,18,,0,0,18,0,14,4,18,0,18,0,18,68,29,39,2,11,9,0,1,45
7300110000000000330939,54,0,,54,0,54,0,54,0,54,0,54,0,103,262,127,135,2,103,51,1,1,104
7300110000000000130208,54,44,,10,0,54,0,44,10,54,0,54,0,54,198,88,110,5,25,41,12,0,115
7300110000000000560701,32,32,,0,0,31,0,29,2,31,0,31,0,31,115,52,63,3,37,18,3,4,50
7300110000000000590103,37,33,,4,0,37,0,29,8,37,0,37,0,40,158,74,84,4,57,33,0,15,49
7300110000000000330924,34,11,,18,5,32,0,25,7,32,0,32,0,32,126,55,71,6,42,21,0,4,53
7300110000000000560117,91,69,,19,3,89,0,74,15,89,0,89,0,91,375,179,196,20,110,73,11,17,144
7300110000000000320702,29,21,,6,0,27,2,23,6,27,2,28,1,31,118,53,65,2,36,26,0,7,47
7300110000000000590706,24,17,,4,3,24,0,12,12,24,0,24,0,29,111,49,62,6,46,26,0,11,22
7300110000000000330425,37,22,,14,1,33,0,24,9,31,2,33,0,34,129,64,65,1,44,33,0,9,42
7300110000000000330820,88,57,,25,6,87,0,76,11,87,0,87,0,88,295,138,157,4,90,78,0,12,111
7300110000000000330528,47,24,,23,0,41,1,34,8,42,0,41,1,42,166,74,92,5,45,40,0,9,67
7300110000000000331110,30,24,,5,1,30,0,28,2,30,0,30,0,30,118,53,65,2,17,15,10,0,74
7300110000000000560809,74,72,,2,0,74,0,73,1,74,0,74,0,136,360,176,184,1,16,9,3,5,326
7300110000000000330808,21,15,,6,0,21,0,17,4,21,0,21,0,24,97,47,50,3,39,19,2,13,21
7300110000000000580107,26,25,,1,0,26,0,19,7,26,0,26,0,27,100,48,52,3,31,20,0,5,41
7300110000000000590415,28,17,,11,0,28,0,23,5,28,0,28,0,28,105,53,52,5,24,33,0,6,37
7300110000000000530112,21,16,,4,1,20,0,18,2,20,0,20,0,22,91,37,54,2,20,22,0,6,41
7300110000000000560128,137,128,,7,2,128,0,108,20,128,0,128,0,133,463,204,259,10,112,86,5,19,231
7300110000000000330314,4,4,,0,0,4,0,3,1,4,0,4,0,5,20,9,11,0,4,10,0,0,6
7300110000000000590104,52,51,,0,1,51,0,40,11,51,0,51,0,54,193,90,103,5,70,44,0,13,61
7300110000000000590619,26,22,,2,2,26,0,14,12,26,0,26,0,29,132,57,75,3,64,24,0,27,14
7300110000000000580329,76,21,,2,2,20,54,4,68,14,60,63,11,76,280,130,150,10,140,48,0,40,42
7300110000000000580324,31,26,,4,1,31,0,30,1,31,0,31,0,33,128,62,66,4,43,20,0,6,55
7300110000000000330301,26,22,,2,2,25,0,21,4,25,0,25,0,27,115,57,58,3,42,25,0,9,36
7300110000000000530427,0,0,,0,0,0,0,0,0,0,0,0,0,0,0,0,0,0,0,0,0,0,0
7300110000000000730212,0,0,,0,0,0,0,0,0,0,0,0,0,0,0,0,0,0,0,0,0,0,0
7300110000000000590728,0,0,,0,0,0,0,0,0,0,0,0,0,0,0,0,0,0,0,0,0,0,0
7300110000000000530428,0,0,,0,0,0,0,0,0,0,0,0,0,0,0,0,0,0,0,0,0,0,0
7300110000000000590602,0,0,,0,0,0,0,0,0,0,0,0,0,0,0,0,0,0,0,0,0,0,0
7300110000000000140123,0,0,,0,0,0,0,0,0,0,0,0,0,0,0,0,0,0,0,0,0,0,0
7300110000000000580408,24,22,,1,1,24,0,16,8,23,1,24,0,24,95,42,53,3,30,25,0,7,30
7300110000000000590203,30,27,,3,0,30,0,29,1,30,0,30,0,30,110,50,60,6,29,22,0,10,43
7300110000000000730240,25,11,,13,1,22,0,14,8,22,0,22,0,22,77,42,35,2,23,15,0,29,8
7300110000000000331112,20,17,,3,0,19,0,17,2,19,0,19,0,22,68,35,33,0,10,7,8,1,42
7300110000000000130329,427,123,,275,9,387,20,290,117,380,27,386,21,407,1367,650,717,46,276,209,50,59,727
7300110000000000330122,40,33,,7,0,40,0,35,5,40,0,40,0,40,146,63,83,4,30,24,8,1,79
7300110000000000330803,9,5,,4,0,9,0,8,1,9,0,9,0,9,37,16,21,0,11,8,1,5,12
7300110000000000560138,15,8,,7,0,15,0,11,4,15,0,15,0,15,59,28,31,1,26,11,0,2,19
7300110000000000590611,22,16,,6,0,22,0,18,4,22,0,22,0,25,114,55,59,3,57,21,0,12,21
7300110000000000590616,20,18,,1,1,20,0,9,11,20,0,20,0,24,95,45,50,3,50,14,0,10,18
7300110000000000320614,36,27,,9,0,34,0,20,13,30,4,34,0,35,131,58,73,2,39,25,0,12,53
7300110000000000590610,18,14,,4,0,17,0,12,5,17,0,17,0,19,89,43,46,2,40,19,0,11,17
7300110000000000330911,203,102,,92,9,198,0,187,11,198,0,198,0,221,751,345,406,16,218,147,0,43,327
7300110000000000560709,38,32,,6,0,38,0,32,6,38,0,38,0,38,131,52,79,11,25,20,7,1,67
7300110000000000330315,25,20,,5,0,25,0,19,6,25,0,25,0,31,118,61,57,3,38,34,0,7,36
7300110000000000130302,21,18,,3,0,21,0,20,1,21,0,21,0,21,70,34,36,0,9,10,0,1,50
7300110000000000590719,34,32,,2,0,34,0,32,2,34,0,34,0,37,135,69,66,6,28,29,3,2,67
7300110000000000590720,18,15,,3,0,18,0,14,4,18,0,18,0,18,63,31,32,1,16,13,1,1,31
7300110000000000590721,31,29,,2,0,30,0,29,1,30,0,30,0,30,101,47,54,4,18,26,4,4,45
7300110000000000590209,39,39,,0,0,38,0,31,7,38,0,38,0,38,133,60,73,1,44,21,0,10,57
7300110000000000590112,27,18,,7,2,27,0,25,2,27,0,27,0,30,118,62,56,6,37,24,1,5,45
7300110000000000590701,80,57,,17,6,79,0,64,15,79,0,79,0,81,261,120,141,15,66,56,1,10,113
7300110000000000330210,49,26,,15,8,47,1,26,22,48,0,47,1,48,166,87,79,3,47,30,0,11,75
7300110000000000580111,17,16,,1,0,16,1,14,3,16,1,16,1,17,56,26,30,1,17,15,0,1,22
7300110000000000560808,75,1,,74,0,70,0,59,11,70,0,70,0,71,201,89,112,8,39,23,12,2,117
7300110000000000560717,79,5,,74,0,72,0,54,18,72,0,72,0,73,214,96,118,14,28,35,8,5,124
7300110000000000580117,36,23,,9,3,35,1,31,5,34,2,36,0,37,149,66,83,2,41,28,1,10,67
7300110000000000590523,76,70,,6,0,76,0,70,5,76,0,75,1,77,268,130,138,11,65,61,3,11,117
7300110000000000320610,32,26,,5,1,32,0,28,4,32,0,32,0,34,152,68,84,3,38,36,2,8,65
7300110000000000590401,19,4,,13,2,18,0,15,3,18,0,18,0,20,73,36,37,0,15,17,0,7,34
7300110000000000590506,20,10,,8,2,20,0,13,7,20,0,20,0,20,77,37,40,0,30,18,0,12,17
7300110000000000340207,76,39,,31,6,74,0,33,39,61,13,72,2,77,260,134,126,10,88,54,1,21,86
7300110000000000590314,24,18,,4,2,23,0,17,6,23,0,23,0,23,105,54,51,3,42,15,0,12,33
7300110000000000590524,79,54,,20,5,76,1,63,14,77,0,76,1,81,322,151,171,13,94,96,1,21,97
7300110000000000590306,34,34,,0,0,33,0,22,11,33,0,33,0,33,134,61,73,7,48,26,0,14,39
7300110000000000590114,51,51,,0,0,48,0,31,17,48,0,48,0,48,190,94,96,6,73,42,0,23,46
7300110000000000580512,35,31,,4,0,34,0,22,12,33,1,33,1,34,120,62,58,4,28,27,0,7,54
7300110000000000590305,33,31,,1,1,33,0,24,9,32,1,33,0,34,147,63,84,1,63,39,0,9,35
7300110000000000331101,35,29,,6,0,34,0,33,1,34,0,34,0,34,127,55,72,3,17,20,9,1,77
7300110000000000560106,6,5,,1,0,6,0,4,2,6,0,6,0,6,22,9,13,0,7,2,0,5,8
7300110000000000580119,42,21,,19,2,40,0,34,6,40,0,40,0,41,165,71,94,4,56,37,1,13,54
7300110000000000320712,40,23,,16,1,40,0,29,8,40,0,40,0,42,176,72,104,3,48,29,0,10,86
7300110000000000330813,100,96,,4,0,97,2,79,20,97,2,97,2,106,384,184,200,17,92,71,2,18,184
7300110000000000580326,22,16,,5,1,22,0,18,3,20,2,20,2,22,85,46,39,0,29,20,0,2,34
7300110000000000130125,264,248,,16,0,256,0,217,39,255,1,256,0,260,949,436,513,60,210,188,27,24,440
7300110000000000730101,79,15,,62,2,75,2,59,18,75,2,75,2,81,288,136,152,9,63,66,3,16,131
7300110000000000590703,26,23,,3,0,26,0,21,5,26,0,26,0,28,95,41,54,4,33,20,0,8,30
7300110000000000330333,33,17,,15,1,33,0,27,6,33,0,33,0,33,143,73,70,1,44,39,0,15,44
7300110000000000580321,23,21,,0,2,23,0,18,5,23,0,23,0,23,80,40,40,4,26,27,1,1,21
7300110000000000580121,36,19,,17,0,35,0,29,6,35,0,35,0,36,130,60,70,6,33,32,0,5,54
7300110000000000560807,28,23,,5,0,28,0,25,3,28,0,28,0,28,106,45,61,3,17,21,7,2,56
7300110000000000331132,4,4,,0,0,4,0,4,0,4,0,4,0,4,12,4,8,0,3,1,2,1,5
7300110000000000590123,16,12,,4,0,16,0,14,2,16,0,16,0,17,73,35,38,2,23,13,0,3,32
7300110000000000590705,34,28,,3,3,34,0,18,13,33,1,30,4,41,161,74,87,3,69,38,0,22,29
7300110000000000330403,39,12,,25,2,38,0,28,10,38,0,38,0,38,144,69,75,1,37,30,0,16,60
7300110000000000730108,9,3,,5,1,9,0,4,5,9,0,9,0,9,27,12,15,1,5,8,0,1,12
7300110000000000330118,31,7,,19,5,31,0,27,4,31,0,31,0,31,102,53,49,4,38,28,0,7,25
7300110000000000580415,28,22,,3,3,25,0,20,5,25,0,25,0,25,90,42,48,1,26,19,0,6,38
7300110000000000560712,65,63,,2,0,65,0,11,54,65,0,65,0,118,298,150,148,2,62,7,0,2,225
7300110000000000580308,15,10,,3,2,15,0,11,3,15,0,15,0,18,49,20,29,1,18,9,0,5,16
7300110000000000560718,4,2,,2,0,4,0,4,0,4,0,4,0,4,16,6,10,0,5,5,0,3,3
7300110000000000560819,37,35,,1,1,36,0,32,4,36,0,36,0,36,132,63,69,4,32,21,1,4,70
7300110000000000590301,21,20,,0,1,20,0,16,4,20,0,20,0,24,101,42,59,0,51,16,0,8,26
7300110000000000560805,74,71,,3,0,73,1,69,5,73,1,73,1,135,351,172,179,2,135,13,4,1,196
7300110000000000590620,34,31,,1,2,31,1,16,16,31,1,31,1,35,152,71,81,3,71,33,0,17,28
7300110000000000590124,7,6,,1,0,3,0,3,0,3,0,3,0,3,12,8,4,0,5,1,0,2,4
7300110000000000331107,28,27,,1,0,28,0,22,6,28,0,28,0,28,92,38,54,2,17,9,2,1,61
7300110000000000130311,25,0,,25,0,25,0,25,0,25,0,25,0,25,80,37,43,4,13,12,4,1,46
7300110000000000590224,33,22,,11,0,33,0,28,5,33,0,33,0,33,128,66,62,3,30,27,1,8,59
7300110000000000590724,34,34,,0,0,30,0,21,9,30,0,30,0,31,113,52,61,7,33,19,1,1,52
7300110000000000590722,26,26,,0,0,25,0,22,3,25,0,25,0,27,111,50,61,0,33,15,4,5,54
7300110000000000730127,5,1,,3,1,5,0,4,1,5,0,5,0,5,18,9,9,0,8,5,0,2,3
7300110000000000330205,4,4,,0,0,4,0,4,0,4,0,4,0,4,10,3,7,1,2,2,0,0,5
7300110000000000330104,34,33,,1,0,33,0,29,4,33,0,33,0,34,130,61,69,1,21,22,7,2,77
7300110000000000590318,37,31,,3,1,31,4,11,24,31,4,34,1,35,146,72,74,2,80,15,0,24,25
7300110000000000590414,26,14,,12,0,24,0,19,5,24,0,24,0,25,100,47,53,3,32,13,0,5,47
7300110000000000590411,39,25,,12,2,36,1,25,12,36,1,36,1,38,128,53,75,2,29,32,1,5,59
7300110000000000580416,24,20,,2,2,22,0,14,8,22,0,22,0,22,74,35,39,2,21,25,0,5,21
7300110000000000590125,12,9,,2,1,12,0,10,2,12,0,12,0,12,58,25,33,0,18,13,0,10,17
7300110000000000331130,0,0,,0,0,0,0,0,0,0,0,0,0,0,0,0,0,0,0,0,0,0,0
7300110000000000140122,0,0,,0,0,0,0,0,0,0,0,0,0,0,0,0,0,0,0,0,0,0,0
7300110000000000560139,0,0,,0,0,0,0,0,0,0,0,0,0,0,0,0,0,0,0,0,0,0,0
7300110000000000330252,0,0,,0,0,0,0,0,0,0,0,0,0,0,0,0,0,0,0,0,0,0,0
7300110000000000330336,0,0,,0,0,0,0,0,0,0,0,0,0,0,0,0,0,0,0,0,0,0,0
7300110000000000560109,0,0,,0,0,0,0,0,0,0,0,0,0,0,0,0,0,0,0,0,0,0,0
7300110000000000140916,0,0,,0,0,0,0,0,0,0,0,0,0,0,0,0,0,0,0,0,0,0,0
7300110000000000730112,0,0,,0,0,0,0,0,0,0,0,0,0,0,0,0,0,0,0,0,0,0,0
7300110000000000130215,16,15,,1,0,15,0,14,1,15,0,15,0,15,54,26,28,0,11,13,0,1,29
7300110000000000560803,35,34,,1,0,34,0,29,5,34,0,34,0,37,133,61,72,1,21,27,3,1,80
7300110000000000590714,10,8,,1,1,10,0,7,3,10,0,10,0,12,45,24,21,3,19,8,0,4,11
7300110000000000330222,17,6,,4,1,9,6,4,11,9,6,14,1,15,62,22,40,3,25,8,0,6,20
7300110000000000580413,24,24,,0,0,23,0,20,2,23,0,23,0,23,81,31,50,4,22,24,1,2,28
7300110000000000331124,29,23,,6,0,27,0,23,4,27,0,27,0,27,95,43,52,1,17,15,2,4,56
7300110000000000330409,37,20,,17,0,37,0,30,7,36,1,37,0,44,158,70,88,3,37,51,0,17,50
7300110000000000330809,22,17,,5,0,21,0,16,5,21,0,21,0,21,97,49,48,5,33,21,1,6,31
7300110000000000330330,31,14,,14,3,30,0,19,11,30,0,30,0,30,111,50,61,2,29,24,0,8,48
7300110000000000330807,31,23,,8,0,30,0,24,6,30,0,30,0,35,128,67,61,5,35,28,3,18,39
7300110000000000730233,59,28,,29,2,53,0,33,20,53,0,53,0,54,176,93,83,5,62,62,0,18,29
7300110000000000590608,18,17,,1,0,15,1,10,6,16,0,16,0,16,55,25,30,3,20,11,0,2,19
7300110000000000590120,34,29,,4,1,33,0,24,8,33,0,33,0,33,135,67,68,3,53,36,0,16,27
7300110000000000560820,39,34,,5,0,37,0,33,4,37,0,37,0,37,134,63,71,3,30,27,0,3,71
7300110000000000730126,100,56,,44,0,98,0,87,9,98,0,98,0,100,327,157,170,5,63,62,4,18,175
7300110000000000590118,27,26,,0,1,27,0,24,3,27,0,27,0,32,149,78,71,6,73,25,0,17,28
7300110000000000730104,7,0,,3,4,7,0,2,5,7,0,7,0,7,25,17,8,2,9,7,0,4,3
7300110000000000330312,50,50,,0,0,46,1,41,6,46,1,46,1,50,151,65,86,7,27,19,6,1,91
7300110000000000140412,13,9,,3,1,13,0,11,2,13,0,13,0,13,49,24,25,0,12,4,2,2,29
7300110000000000530113,25,17,,8,0,25,0,16,9,25,0,25,0,25,80,38,42,3,22,16,1,4,34
7300110000000000330331,27,20,,6,1,27,0,22,5,27,0,27,0,27,102,55,47,7,31,20,0,5,39
7300110000000000140309,39,27,,11,1,38,0,30,8,38,0,38,0,41,133,57,76,4,32,28,2,5,62
7300110000000000730118,5,3,,2,0,5,0,4,1,5,0,5,0,5,16,7,9,0,5,4,0,1,6
7300110000000000330411,100,85,,13,2,99,0,80,19,99,0,99,0,107,396,170,226,10,109,90,1,22,164
7300110000000000590222,37,28,,8,1,35,0,34,1,35,0,35,0,36,133,61,72,3,43,30,0,5,52
7300110000000000140306,28,14,,12,2,27,0,22,5,27,0,27,0,27,86,35,51,2,21,20,2,6,35
7300110000000000140301,21,18,,3,0,21,0,19,2,21,0,21,0,23,84,35,49,1,21,18,1,1,42
7300110000000000140302,18,11,,7,0,18,0,14,4,18,0,18,0,18,71,37,34,3,22,10,1,1,34
7300110000000000560823,35,34,,1,0,35,0,29,6,35,0,35,0,35,134,65,69,3,33,22,4,5,67
7300110000000000590406,42,40,,2,0,41,0,34,7,41,0,41,0,41,173,84,89,3,49,36,0,17,68
7300110000000000590723,21,21,,0,0,20,0,17,3,20,0,20,0,26,89,37,52,4,18,18,1,4,44
7300110000000000580101,26,25,,1,0,26,0,20,6,26,0,26,0,27,104,52,52,1,31,21,1,3,47
7300110000000000330124,27,17,,7,3,27,0,20,7,27,0,27,0,31,129,64,65,5,50,34,0,10,30
7300110000000000580318,20,19,,1,0,19,0,19,0,19,0,19,0,21,90,43,47,1,30,15,2,4,38
7300110000000000590211,59,56,,3,0,57,0,12,0,57,0,57,0,57,185,89,96,0,19,99,0,5,62
7300110000000000590221,40,33,,7,0,40,0,36,4,40,0,40,0,46,164,78,86,4,47,31,0,17,65
7300110000000000331120,79,76,,3,0,79,0,74,5,79,0,79,0,80,276,120,156,6,42,42,13,4,169
7300110000000000140428,5,2,,3,0,5,0,5,0,5,0,5,0,5,23,13,10,1,5,2,0,0,15
7300110000000000140411,19,5,,14,0,19,0,11,8,19,0,19,0,19,57,22,35,2,12,9,0,3,31
7300110000000000330248,18,15,,1,2,15,0,12,3,15,0,15,0,15,57,26,31,3,13,13,0,1,27
7300110000000000140308,15,9,,6,0,15,0,13,2,15,0,15,0,15,58,27,31,1,10,10,1,3,33
7300110000000000530430,3,0,,1,2,3,0,1,2,3,0,3,0,3,6,2,4,1,0,0,0,0,5
7300110000000000590726,24,24,,0,0,24,0,19,5,24,0,24,0,25,95,45,50,3,28,17,0,4,43
7300110000000000580407,23,21,,1,1,23,0,21,2,23,0,23,0,23,87,39,48,1,44,10,0,10,22
7300110000000000330515,37,32,,5,0,36,0,25,11,36,0,36,0,39,143,64,79,4,59,32,3,14,31
7300110000000000320504,28,17,,10,1,28,0,24,4,28,0,28,0,33,146,68,78,3,38,32,3,8,62
7300110000000000330120,23,5,,16,2,23,0,14,9,23,0,23,0,24,96,45,51,5,31,17,1,8,34
7300110000000000560110,21,5,,15,1,20,1,16,5,19,2,19,2,24,81,38,43,2,26,12,0,9,32
7300110000000000330212,23,22,,0,1,22,0,15,7,22,0,22,0,22,85,40,45,4,22,15,3,3,38
7300110000000000331106,39,29,,9,1,38,0,34,4,38,0,38,0,41,136,63,73,4,26,23,8,2,73
7300110000000000330936,47,36,,10,1,47,0,39,8,47,0,47,0,47,167,71,96,2,40,30,5,17,73
7300110000000000590107,58,57,,0,1,56,0,50,6,56,0,56,0,61,241,108,133,5,83,63,0,18,72
7300110000000000331129,94,1,,92,1,85,1,70,14,85,1,85,1,86,245,112,133,6,34,37,13,1,154
7300110000000000580315,4,2,,2,0,4,0,3,1,3,1,4,0,4,8,5,3,1,1,3,1,1,1
7300110000000000130312,10,6,,4,0,10,0,6,4,10,0,10,0,10,33,18,15,1,7,5,1,1,18
7300110000000000140423,26,13,,9,4,26,0,23,3,26,0,26,0,26,87,43,44,2,15,16,2,2,50
7300110000000000330501,48,15,,33,0,46,1,32,15,46,1,46,1,49,165,73,92,3,51,45,0,16,50
7300110000000000320711,39,24,,13,2,39,0,37,1,39,0,39,0,39,119,49,70,5,36,19,1,2,56
7300110000000000530419,22,19,,2,1,22,0,18,4,22,0,22,0,26,82,40,42,2,26,19,0,3,32
7300110000000000140113,34,28,,6,0,33,0,26,7,33,0,33,0,34,132,56,76,5,35,29,1,5,57
7300110000000000590613,21,19,,2,0,21,0,17,4,21,0,21,0,21,89,40,49,4,36,23,0,9,17
7300110000000000320714,4,0,,4,0,4,0,1,3,4,0,4,0,4,11,6,5,0,2,2,0,1,6
7300110000000000330823,7,3,,4,0,6,0,3,3,6,0,6,0,7,25,10,15,1,7,6,1,2,8
7300110000000000330116,22,18,,4,0,20,0,16,4,20,0,20,0,21,70,27,43,1,16,14,0,2,37
7300110000000000580306,17,17,,0,0,17,0,15,1,17,0,17,0,25,71,28,43,1,20,12,1,3,34
7300110000000000590727,24,24,,0,0,23,0,18,5,23,0,23,0,23,96,49,47,1,23,21,1,7,43
7300110000000000590606,19,15,,4,0,19,0,14,5,19,0,19,0,20,84,38,46,4,31,23,0,12,14
7300110000000000580122,34,21,,9,4,33,0,25,8,33,0,33,0,33,126,64,62,7,45,25,1,4,44
7300110000000000320709,0,0,,0,0,0,0,0,0,0,0,0,0,0,0,0,0,0,0,0,0,0,0
7300110000000000320508,0,0,,0,0,0,0,0,0,0,0,0,0,0,0,0,0,0,0,0,0,0,0
7300110000000000331127,0,0,,0,0,0,0,0,0,0,0,0,0,0,0,0,0,0,0,0,0,0,0
7300110000000000560827,0,0,,0,0,0,0,0,0,0,0,0,0,0,0,0,0,0,0,0,0,0,0
7300110000000000130313,0,0,,0,0,0,0,0,0,0,0,0,0,0,0,0,0,0,0,0,0,0,0
7300110000000000140320,0,0,,0,0,0,0,0,0,0,0,0,0,0,0,0,0,0,0,0,0,0,0
7300110000000000130222,0,0,,0,0,0,0,0,0,0,0,0,0,0,0,0,0,0,0,0,0,0,0
7300110000000000140319,0,0,,0,0,0,0,0,0,0,0,0,0,0,0,0,0,0,0,0,0,0,0
7300110000000000730107,0,0,,0,0,0,0,0,0,0,0,0,0,0,0,0,0,0,0,0,0,0,0
7300110000000000140120,0,0,,0,0,0,0,0,0,0,0,0,0,0,0,0,0,0,0,0,0,0,0
7300110000000000590113,0,0,,0,0,0,0,0,0,0,0,0,0,0,0,0,0,0,0,0,0,0,0
7300110000000000580128,0,0,,0,0,0,0,0,0,0,0,0,0,0,0,0,0,0,0,0,0,0,0
7300110000000000330339,0,0,,0,0,0,0,0,0,0,0,0,0,0,0,0,0,0,0,0,0,0,0
7300110000000000590712,0,0,,0,0,0,0,0,0,0,0,0,0,0,0,0,0,0,0,0,0,0,0
7300110000000000330405,70,41,,25,4,68,0,60,8,68,0,68,0,68,232,111,121,7,83,49,0,5,88
7300110000000000560705,4,3,,0,1,4,0,2,2,4,0,4,0,4,19,10,9,2,5,0,0,7,5
7300110000000000590607,21,18,,1,2,21,0,16,5,21,0,21,0,25,85,43,42,2,33,21,0,12,17
7300110000000000580110,15,14,,1,0,15,0,14,1,15,0,15,0,16,76,30,46,1,18,18,0,5,34
7300110000000000580319,21,19,,2,0,20,0,17,3,20,0,20,0,20,71,28,43,1,19,22,0,6,23
7300110000000000580109,23,21,,2,0,22,0,18,4,22,0,22,0,22,78,39,39,4,19,23,0,5,27
7300110000000000560122,64,46,,13,5,61,0,43,18,61,0,61,0,63,260,132,128,9,80,58,1,18,94
7300110000000000560112,21,19,,1,1,20,0,16,4,20,0,20,0,25,95,51,44,2,32,20,1,5,35
7300110000000000580711,100,99,,0,1,94,1,80,15,94,1,94,1,95,356,165,191,9,114,73,0,27,133
7300110000000000590117,39,3,,36,0,39,0,3,36,39,0,39,0,73,184,90,94,1,40,2,0,0,141
7300110000000000590201,26,19,,6,1,25,0,21,4,25,0,25,0,25,102,50,52,7,36,17,1,6,35
7300110000000000331109,15,13,,2,0,15,0,15,0,15,0,15,0,15,67,26,41,2,11,11,1,1,41
7300110000000000590405,25,23,,2,0,21,0,17,4,21,0,21,0,21,82,34,48,3,18,25,0,5,31
7300110000000000580516,25,19,,6,0,24,0,20,1,24,0,24,0,24,103,44,59,4,22,22,2,11,42
7300110000000000590704,47,38,,7,2,43,1,40,4,43,1,43,1,45,189,86,103,5,74,41,0,18,51
7300110000000000330819,48,5,,40,3,47,0,32,15,47,0,47,0,47,146,65,81,3,35,27,6,9,66
7300110000000000330110,60,27,,31,2,60,0,49,11,60,0,60,0,62,204,90,114,12,32,46,6,5,103
7300110000000000330109,59,26,,33,0,59,0,54,5,59,0,59,0,59,199,89,110,4,43,32,1,7,112
7300110000000000590310,36,32,,2,2,35,0,28,7,34,1,34,1,36,128,65,63,3,46,31,0,12,36
7300110000000000330242,19,15,,1,3,19,0,11,8,17,2,19,0,21,73,43,30,3,25,12,1,6,26
7300110000000000590709,30,19,,4,7,30,0,14,16,30,0,30,0,35,141,63,78,5,60,29,0,14,33
7300110000000000580106,31,28,,2,1,31,0,25,6,31,0,31,0,31,112,55,57,3,31,30,1,12,35
7300110000000000580314,18,10,,7,1,18,0,11,5,18,0,18,0,18,58,25,33,3,19,11,0,5,20
7300110000000000590214,16,11,,5,0,15,1,14,2,15,1,15,1,16,57,33,24,3,23,9,0,6,16
7300110000000000330218,17,15,,2,0,17,0,16,1,17,0,17,0,17,62,25,37,2,14,9,2,4,31
7300110000000000580502,21,19,,2,0,19,0,12,7,19,0,19,0,19,76,37,39,1,32,21,0,7,15
7300110000000000320710,33,17,,15,1,33,0,32,1,33,0,33,0,34,114,56,58,6,33,17,3,2,53
7300110000000000330822,82,58,,22,2,79,1,68,12,78,2,79,1,89,326,149,177,9,73,67,2,14,161
7300110000000000330424,38,23,,11,4,37,0,29,8,37,0,37,0,39,141,69,72,7,48,30,1,7,48
7300110000000000580403,19,15,,4,0,19,0,13,5,19,0,19,0,19,70,33,37,4,23,19,0,3,21
7300110000000000580120,40,20,,19,1,39,0,35,4,39,0,39,0,39,149,58,91,4,41,27,1,11,65
7300110000000000130310,24,24,,0,0,24,0,17,7,24,0,24,0,24,84,38,46,2,10,18,0,0,54
7300110000000000590303,29,20,,8,1,25,0,17,8,25,0,25,0,26,108,58,50,1,49,17,0,7,34
7300110000000000580302,17,15,,2,0,17,0,16,1,17,0,17,0,17,71,34,37,1,16,15,0,8,31
7300110000000000580118,40,20,,19,1,39,0,34,5,39,0,39,0,42,148,68,80,4,40,41,1,7,55
7300110000000000580130,20,20,,0,0,20,0,4,15,20,0,20,0,20,91,41,50,1,42,17,0,7,24
7300110000000000590711,30,30,,0,0,30,0,23,7,30,0,30,0,30,104,54,50,5,29,20,4,1,45
7300110000000000590212,68,68,,0,0,67,0,9,1,67,0,67,0,67,213,107,106,0,8,14,0,2,189
7300110000000000560107,7,7,,0,0,6,0,5,1,6,0,6,0,6,31,12,19,3,13,3,0,2,10
7300110000000000330511,32,28,,4,0,31,0,25,6,31,0,31,0,33,133,69,64,3,50,29,0,4,47
7300110000000000320503,39,31,,5,3,39,0,32,7,39,0,39,0,45,148,63,85,2,30,29,1,10,76
7300110000000000560713,40,31,,8,1,40,0,37,3,40,0,40,0,40,135,58,77,6,28,20,4,3,74
7300110000000000590311,24,19,,5,0,19,0,13,6,19,0,19,0,21,75,38,37,1,29,19,0,10,16
7300110000000000320506,44,19,,24,1,44,0,39,5,44,0,44,0,48,198,105,93,6,61,39,1,8,83
7300110000000000331108,21,16,,5,0,21,0,17,4,21,0,21,0,21,63,34,29,0,10,12,3,0,38
7300110000000000330112,62,33,,27,2,62,0,49,13,62,0,62,0,63,213,95,118,2,38,37,2,8,126
7300110000000000730123,74,44,,18,12,70,0,17,53,39,31,65,5,72,253,123,130,4,114,51,0,36,48
7300110000000000320613,15,10,,4,1,14,1,11,4,12,3,15,0,22,83,39,44,1,25,15,1,9,32
7300110000000000560131,22,16,,2,4,22,0,16,6,22,0,22,0,22,94,45,49,6,31,28,0,7,22
7300110000000000560137,11,9,,2,0,11,0,11,0,11,0,11,0,11,38,18,20,1,9,11,0,3,14
7300110000000000330209,24,15,,8,1,22,0,13,9,22,0,22,0,23,98,46,52,3,39,17,0,3,36
7300110000000000590708,24,24,,0,0,24,0,10,14,24,0,24,0,28,112,48,64,0,45,26,0,17,24
7300110000000000580523,8,4,,2,0,5,2,3,4,5,2,7,0,7,31,14,17,1,16,6,0,1,7
7300110000000000140315,0,0,,0,0,0,0,0,0,0,0,0,0,0,0,0,0,0,0,0,0,0,0
7300110000000000331123,0,0,,0,0,0,0,0,0,0,0,0,0,0,0,0,0,0,0,0,0,0,0
7300110000000000560715,0,0,,0,0,0,0,0,0,0,0,0,0,0,0,0,0,0,0,0,0,0,0
7300110000000000560720,0,0,,0,0,0,0,0,0,0,0,0,0,0,0,0,0,0,0,0,0,0,0
7300110000000000590108,0,0,,0,0,0,0,0,0,0,0,0,0,0,0,0,0,0,0,0,0,0,0
7300110000000000560815,0,0,,0,0,0,0,0,0,0,0,0,0,0,0,0,0,0,0,0,0,0,0
7300110000000000560814,27,22,,4,1,27,0,23,3,27,0,27,0,31,111,51,60,2,24,19,0,3,63
7300110000000000580522,19,15,,4,0,18,0,14,4,18,0,18,0,18,78,38,40,3,24,11,4,4,32
7300110000000000560812,36,32,,3,1,36,0,27,9,36,0,36,0,37,131,62,69,5,36,22,2,1,65
7300110000000000560130,22,22,,0,0,22,0,16,5,22,0,22,0,23,93,38,55,1,30,26,0,7,29
7300110000000000560703,12,12,,0,0,12,0,9,3,12,0,12,0,12,42,21,21,2,9,10,3,0,18
7300110000000000560711,40,36,,2,2,40,0,28,12,40,0,40,0,42,147,75,72,5,29,22,5,4,82
7300110000000000580501,23,12,,11,0,23,0,18,5,23,0,23,0,25,92,41,51,6,39,18,0,6,23
7300110000000000330219,16,16,,0,0,16,0,14,2,16,0,16,0,16,54,25,29,1,3,5,8,1,36
7300110000000000730234,18,10,,8,0,18,0,14,4,18,0,18,0,18,78,35,43,0,32,24,0,8,14
7300110000000000130132,53,34,,9,10,51,0,37,14,51,0,51,0,52,207,109,98,7,87,42,0,32,39
7300110000000000330105,55,52,,2,0,54,1,39,16,54,1,54,1,55,182,83,99,11,33,24,3,5,106
7300110000000000560704,28,25,,3,0,27,0,27,0,27,0,27,0,27,87,41,46,3,23,14,0,0,47
7300110000000000140105,24,21,,3,0,24,0,20,4,24,0,24,0,26,109,40,69,0,25,17,1,9,57
7300110000000000730113,18,11,,7,0,15,0,8,7,15,0,15,0,16,45,20,25,1,15,11,0,9,9
7300110000000000590713,39,38,,1,0,39,0,34,5,39,0,39,0,70,182,91,91,1,17,54,0,37,73
7300110000000000140106,35,12,,22,1,35,0,32,3,35,0,35,0,36,118,55,63,5,28,17,2,11,55
7300110000000000590617,21,18,,1,1,20,1,14,7,20,1,20,1,23,93,41,52,2,46,18,0,10,17
7300110000000000140424,18,10,,8,0,18,0,16,2,18,0,18,0,18,60,28,32,3,11,10,2,1,33
7300110000000000590609,21,19,,1,1,21,0,16,5,21,0,21,0,23,128,68,60,3,53,27,0,21,24
7300110000000000140429,14,8,,6,0,14,0,12,2,14,0,14,0,15,56,27,29,1,12,12,0,1,30
7300110000000000730229,61,27,,29,5,60,0,34,26,60,0,60,0,60,229,107,122,12,87,47,0,22,61
7300110000000000590413,57,19,,38,0,57,0,45,12,57,0,57,0,59,223,108,115,12,61,56,0,9,85
7300110000000000130309,7,5,,0,1,6,1,3,4,6,1,6,1,8,31,15,16,1,10,8,0,1,11
7300110000000000130204,30,30,,0,0,30,0,27,3,30,0,30,0,30,109,49,60,3,12,18,7,2,67
7300110000000000320505,37,13,,21,3,36,1,33,4,36,1,36,1,41,131,57,74,4,23,22,5,6,71
7300110000000000330327,20,15,,5,0,18,1,15,4,18,1,19,0,19,83,40,43,2,25,16,0,10,30
7300110000000000580404,19,14,,5,0,19,0,16,3,19,0,19,0,19,79,34,45,2,35,16,0,7,19
7300110000000000140312,34,18,,16,0,34,0,29,5,34,0,34,0,35,135,61,74,4,33,39,4,5,50
7300110000000000330922,82,18,,63,1,80,0,61,19,80,0,80,0,81,301,144,157,8,101,56,1,22,113
7300110000000000730119,8,5,,2,1,8,0,7,1,8,0,8,0,8,29,11,18,0,6,12,0,3,8
7300110000000000330121,23,18,,5,0,23,0,16,7,23,0,23,0,23,90,42,48,6,19,13,2,2,48
7300110000000000330816,49,19,,28,2,47,0,37,10,47,0,47,0,53,149,69,80,6,43,20,3,9,68
7300110000000000590717,29,26,,1,2,29,0,25,4,29,0,29,0,29,116,50,66,6,32,17,1,5,55
7300110000000000580311,16,14,,1,1,16,0,11,3,16,0,15,1,17,50,25,25,1,18,8,0,2,21
7300110000000000330334,35,25,,10,0,35,0,26,9,35,0,35,0,37,147,74,73,3,44,31,0,9,60
7300110000000000330220,46,4,,42,0,42,0,33,9,42,0,42,0,44,115,56,59,9,19,20,1,1,65
7300110000000000580307,13,9,,4,0,13,0,12,0,13,0,13,0,18,51,26,25,1,20,9,0,5,16
7300110000000000590725,27,27,,0,0,24,0,17,7,24,0,24,0,24,74,28,46,1,20,13,0,3,37
7300110000000000590707,19,18,,1,0,19,0,8,11,19,0,19,0,19,88,38,50,1,32,11,0,12,32
7300110000000000580116,40,16,,23,1,38,0,33,4,38,0,38,0,38,142,69,73,4,33,42,0,10,53
7300110000000000580412,25,21,,2,2,25,0,21,4,25,0,25,0,25,76,34,42,4,17,15,0,8,32
7300110000000000331102,41,5,,35,1,40,0,17,23,40,0,40,0,40,134,71,63,3,18,18,10,3,82
7300110000000000590208,47,35,,10,2,46,0,43,3,46,0,46,0,46,197,91,106,3,78,28,1,17,70
7300110000000000320701,49,31,,18,0,49,0,42,7,49,0,49,0,55,209,99,110,3,58,41,0,8,99
7300110000000000580507,32,31,,1,0,31,0,27,4,31,0,31,0,31,121,51,70,4,33,30,1,5,48
7300110000000000130308,32,31,,1,0,32,0,30,2,32,0,32,0,33,105,49,56,1,8,17,10,2,67
7300110000000000590110,38,35,,2,1,36,0,32,4,36,0,36,0,36,122,63,59,3,38,30,0,9,42
7300110000000000330818,39,13,,22,4,38,0,27,11,38,0,38,0,39,117,53,64,4,37,20,3,4,49
7300110000000000590127,0,0,,0,0,0,0,0,0,0,0,0,0,0,0,0,0,0,0,0,0,0,0
7300110000000000320705,0,0,,0,0,0,0,0,0,0,0,0,0,0,0,0,0,0,0,0,0,0,0
7300110000000000140125,0,0,,0,0,0,0,0,0,0,0,0,0,0,0,0,0,0,0,0,0,0,0
7300110000000000130225,0,0,,0,0,0,0,0,0,0,0,0,0,0,0,0,0,0,0,0,0,0,0
7300110000000000590319,0,0,,0,0,0,0,0,0,0,0,0,0,0,0,0,0,0,0,0,0,0,0
7300110000000000140121,0,0,,0,0,0,0,0,0,0,0,0,0,0,0,0,0,0,0,0,0,0,0
7300110000000000590601,0,0,,0,0,0,0,0,0,0,0,0,0,0,0,0,0,0,0,0,0,0,0
7300110000000000330938,0,0,,0,0,0,0,0,0,0,0,0,0,0,0,0,0,0,0,0,0,0,0
7300110000000000120837,0,0,,0,0,0,0,0,0,0,0,0,0,0,0,0,0,0,0,0,0,0,0
7300110000000000130330,0,0,,0,0,0,0,0,0,0,0,0,0,0,0,0,0,0,0,0,0,0,0
7300110000000000331128,0,0,,0,0,0,0,0,0,0,0,0,0,0,0,0,0,0,0,0,0,0,0
7300110000000000330517,0,0,,0,0,0,0,0,0,0,0,0,0,0,0,0,0,0,0,0,0,0,0
7300110000000000331114,39,13,,25,1,39,0,33,6,39,0,39,0,39,118,46,72,2,27,19,2,7,61
7300110000000000331121,34,29,,5,0,33,0,27,6,33,0,33,0,34,127,55,72,4,22,26,4,1,70
7300110000000000330228,22,20,,2,0,20,0,18,2,20,0,20,0,20,69,27,42,2,12,12,4,3,36
7300110000000000330410,51,37,,13,1,50,0,35,15,50,0,50,0,53,226,112,114,5,83,55,1,24,58
7300110000000000560802,33,27,,6,0,32,0,30,2,32,0,32,0,32,113,61,52,2,21,16,2,4,68
7300110000000000560135,78,69,,6,2,71,3,43,31,69,5,71,3,76,294,152,142,13,74,57,4,13,133
7300110000000000560811,40,35,,4,1,38,0,32,5,38,0,38,0,38,146,64,82,5,23,28,8,2,80
7300110000000000580102,39,37,,0,2,36,0,26,10,36,0,36,0,37,139,68,71,4,46,34,2,7,46
7300110000000000330106,33,29,,4,0,33,0,27,6,33,0,33,0,33,134,59,75,2,21,26,5,6,74
7300110000000000330910,80,48,,28,4,80,0,68,12,80,0,80,0,81,281,142,139,6,63,51,2,23,136
7300110000000000130226,21,18,,3,0,20,0,18,2,20,0,20,0,20,78,36,42,2,9,17,1,2,47
7300110000000000330307,54,38,,15,1,54,0,42,11,54,0,54,0,54,195,85,110,7,57,41,1,14,75
7300110000000000580202,27,20,,6,1,25,0,20,5,25,0,25,0,25,110,47,63,1,26,23,0,3,57
7300110000000000330426,63,44,,13,6,60,1,40,21,59,2,61,0,66,218,108,110,4,68,38,0,9,99
7300110000000000330251,23,16,,2,5,23,0,16,7,23,0,23,0,26,62,28,34,1,9,6,3,0,43
7300110000000000320612,36,25,,11,0,36,0,24,12,36,0,36,0,41,159,66,93,2,46,37,5,6,63
7300110000000000320708,54,30,,19,5,52,0,38,14,52,0,52,0,54,214,108,106,6,61,56,0,17,74
7300110000000000320514,31,5,,26,0,29,0,28,1,29,0,29,0,30,127,60,67,3,22,25,2,0,75
7300110000000000320707,35,30,,5,0,35,0,28,7,35,0,35,0,46,159,84,75,1,45,33,1,9,70
7300110000000000580312,19,16,,3,0,18,0,11,6,17,1,18,0,18,67,36,31,2,21,11,0,4,29
7300110000000000730102,39,30,,6,3,37,1,21,17,37,1,37,1,44,188,89,99,4,78,36,1,25,44
7300110000000000130224,48,44,,3,1,48,0,40,8,48,0,48,0,48,191,90,101,6,31,22,13,6,113
7300110000000000580104,41,38,,2,1,36,0,26,10,36,0,36,0,39,137,68,69,2,31,40,0,6,58
7300110000000000130221,95,84,,10,1,93,0,86,7,93,0,93,0,93,352,155,197,12,46,57,20,7,210
7300110000000000580105,38,35,,3,0,37,0,26,11,37,0,37,0,38,135,60,75,5,33,41,0,11,45
7300110000000000580113,16,15,,1,0,15,1,12,4,15,1,15,1,16,53,28,25,1,23,14,0,4,11
7300110000000000320611,45,19,,25,1,45,0,36,9,45,0,45,0,48,161,71,90,5,38,36,1,14,67
7300110000000000330513,21,17,,3,1,19,2,12,9,19,2,19,2,22,87,46,41,2,40,16,2,8,19
7300110000000000560710,16,14,,2,0,16,0,12,4,16,0,16,0,16,56,31,25,5,16,13,3,0,19
7300110000000000580108,24,22,,2,0,24,0,23,1,24,0,24,0,24,90,42,48,3,25,26,0,3,33
7300110000000000580506,31,30,,1,0,31,0,27,4,31,0,31,0,31,116,53,63,5,39,23,3,5,41
7300110000000000580303,15,11,,3,1,15,0,13,2,15,0,15,0,16,54,29,25,2,15,11,0,2,24
7300110000000000560105,26,7,,11,8,26,0,14,12,26,0,26,0,27,93,44,49,4,19,30,0,13,27
7300110000000000330914,22,15,,7,0,22,0,20,2,22,0,22,0,26,86,36,50,4,20,13,2,3,44
7300110000000000560706,26,22,,4,0,23,0,18,5,23,0,23,0,23,86,36,50,7,20,11,0,3,45
7300110000000000590126,17,15,,1,0,16,1,9,8,16,1,17,0,21,75,29,46,3,31,11,0,18,12
7300110000000000330918,19,16,,3,0,19,0,17,2,19,0,19,0,19,91,44,47,2,18,17,3,2,49
7300110000000000330516,38,30,,5,3,35,0,28,7,35,0,35,0,35,137,60,77,4,49,23,4,17,40
7300110000000000330332,18,11,,7,0,17,0,16,1,16,1,17,0,23,73,34,39,2,20,25,0,3,23
7300110000000000330805,37,33,,4,0,37,0,36,1,37,0,37,0,46,188,90,98,1,65,28,2,14,78
7300110000000000590404,30,24,,6,0,29,0,24,5,29,0,29,0,32,114,55,59,3,31,27,0,4,49
7300110000000000330510,37,32,,3,2,34,0,24,10,34,0,34,0,36,118,58,60,2,30,29,0,4,53
7300110000000000590409,45,25,,20,0,45,0,36,9,45,0,45,0,46,150,61,89,8,40,30,2,4,66
7300110000000000560136,17,12,,3,2,17,0,14,3,17,0,17,0,18,66,28,38,0,24,12,0,9,21
7300110000000000330406,64,35,,27,2,63,0,59,4,63,0,63,0,88,239,118,121,4,81,46,0,9,99
7300110000000000560813,29,25,,4,0,28,0,20,8,28,0,28,0,28,98,46,52,3,24,18,6,1,46
7300110000000000330326,98,69,,26,3,91,0,84,7,91,0,91,0,91,316,162,154,8,52,65,8,5,178
7300110000000000140304,25,3,,22,0,23,0,20,3,23,0,23,0,23,72,37,35,3,4,9,2,3,51
7300110000000000330123,40,33,,6,1,40,0,34,6,40,0,40,0,40,157,74,83,2,43,24,2,12,74
7300110000000000580124,35,20,,15,0,34,0,28,6,34,0,34,0,36,132,69,63,5,44,29,0,7,47
7300110000000000560129,24,22,,2,0,24,0,14,10,24,0,24,0,27,118,58,60,3,37,35,0,13,30
7300110000000000331104,34,22,,12,0,31,0,31,0,31,0,31,0,32,104,46,58,8,21,13,6,0,56
7300110000000000330815,36,25,,8,3,36,0,30,6,36,0,36,0,41,142,70,72,4,35,39,2,5,57
7300110000000000590223,43,29,,12,2,40,0,36,4,40,0,40,0,43,164,68,96,3,54,30,0,13,64
7300110000000000330329,29,14,,11,4,29,0,22,6,28,1,28,1,29,105,52,53,5,28,23,0,8,41
7300110000000000330512,24,14,,7,3,24,0,16,8,24,0,24,0,27,95,43,52,5,34,19,0,7,30
7300110000000000330340,12,12,,0,0,12,0,6,6,12,0,12,0,12,55,26,29,1,17,18,0,4,15
7300110000000000330814,38,27,,11,0,38,0,33,5,38,0,38,0,39,133,68,65,4,37,17,0,8,67
7300110000000000590308,48,43,,4,1,48,0,31,16,39,9,39,9,49,210,101,109,7,75,46,0,22,60
7300110000000000560714,0,0,,0,0,0,0,0,0,0,0,0,0,0,0,0,0,0,0,0,0,0,0
7300110000000000560825,0,0,,0,0,0,0,0,0,0,0,0,0,0,0,0,0,0,0,0,0,0,0
7300110000000000140119,0,0,,0,0,0,0,0,0,0,0,0,0,0,0,0,0,0,0,0,0,0,0
7300110000000000590403,0,0,,0,0,0,0,0,0,0,0,0,0,0,0,0,0,0,0,0,0,0,0
7300110000000000330337,0,0,,0,0,0,0,0,0,0,0,0,0,0,0,0,0,0,0,0,0,0,0
7300110000000000560716,0,0,,0,0,0,0,0,0,0,0,0,0,0,0,0,0,0,0,0,0,0,0
7300110000000000330204,15,12,,1,2,15,0,10,4,15,0,15,0,16,54,22,32,2,13,6,2,1,30
7300110000000000331103,33,16,,17,0,31,0,23,8,31,0,31,0,31,94,41,53,4,14,17,10,1,48
7300110000000000590312,24,18,,6,0,20,1,12,9,20,1,20,1,21,81,38,43,2,27,14,0,10,28
7300110000000000320513,35,30,,3,2,34,0,29,5,34,0,34,0,36,137,62,75,2,27,39,1,11,57
7300110000000000140303,7,1,,5,1,7,0,3,4,7,0,7,0,7,24,9,15,2,4,6,1,0,11
7300110000000000560104,12,4,,6,2,12,0,8,4,12,0,12,0,14,52,24,28,5,19,10,0,7,11
7300110000000000730125,152,82,,43,27,150,1,88,63,151,0,151,0,159,581,272,309,19,239,124,1,47,151
7300110000000000590216,74,72,,2,0,72,1,10,3,73,0,72,1,73,232,116,116,2,78,65,0,6,81
7300110000000000330527,90,66,,24,0,90,0,80,10,90,0,90,0,98,339,160,179,9,95,67,0,17,151
7300110000000000580313,37,33,,4,0,36,0,35,0,36,0,36,0,63,167,80,87,0,38,64,0,2,63
7300110000000000590202,32,29,,3,0,32,0,30,2,32,0,32,0,33,154,72,82,4,39,40,0,8,63
7300110000000000590204,36,28,,6,2,34,0,26,8,34,0,34,0,34,120,58,62,1,39,29,0,7,44
7300110000000000330308,92,57,,34,1,89,1,70,19,89,1,90,0,99,315,142,173,7,79,54,2,17,156
7300110000000000140114,26,18,,8,0,26,0,25,1,26,0,26,0,27,116,56,60,2,27,17,0,10,60
7300110000000000590210,31,19,,12,0,31,0,29,2,31,0,31,0,31,119,50,69,5,35,27,0,10,42
7300110000000000330415,4,2,,2,0,3,1,2,2,3,1,4,0,4,16,8,8,1,6,3,0,1,5
7300110000000000330937,5,1,,4,0,5,0,5,0,5,0,5,0,5,18,12,6,1,3,4,1,0,9
7300110000000000140110,59,41,,17,1,59,0,55,4,59,0,59,0,61,233,112,121,4,68,36,3,11,111
7300110000000000580316,25,19,,5,1,25,0,21,3,25,0,25,0,27,88,37,51,2,26,24,0,6,30
7300110000000000560817,14,13,,1,0,14,0,14,0,14,0,14,0,14,50,26,24,0,15,7,3,1,24
7300110000000000580410,29,23,,5,1,27,0,24,3,27,0,27,0,27,87,35,52,1,29,20,0,8,29
7300110000000000560822,6,2,,2,0,4,2,2,4,4,2,6,0,6,26,10,16,3,9,4,0,3,7
7300110000000000330317,36,33,,3,0,36,0,30,6,36,0,36,0,39,163,74,89,7,38,41,0,16,61
7300110000000000580125,45,44,,0,1,42,0,35,7,42,0,42,0,44,159,68,91,8,48,29,0,7,67
7300110000000000580203,43,40,,2,1,41,1,29,13,40,2,41,1,44,144,70,74,3,39,27,2,3,70
7300110000000000331125,56,47,,9,0,54,0,52,2,54,0,54,0,54,201,90,111,8,42,27,10,4,110
7300110000000000330414,65,36,,27,2,63,0,48,15,63,0,63,0,63,228,102,126,7,85,50,0,20,66
7300110000000000130223,3,0,,3,0,3,0,3,0,3,0,3,0,3,10,5,5,1,1,1,0,0,7
7300110000000000330111,39,35,,4,0,39,0,32,7,39,0,39,0,39,147,62,85,5,36,27,7,2,70
7300110000000000580405,13,10,,3,0,12,1,11,2,12,1,12,1,13,80,41,39,5,32,15,0,5,23
7300110000000000590304,24,18,,6,0,24,0,21,3,24,0,24,0,24,80,32,48,3,28,20,0,5,24
7300110000000000330241,16,6,,8,2,16,0,4,12,16,0,16,0,17,62,35,27,3,25,10,1,9,14
7300110000000000590313,24,16,,8,0,24,0,17,7,24,0,24,0,25,90,40,50,2,35,20,0,9,24
7300110000000000580309,16,13,,2,1,16,0,13,2,16,0,16,0,20,54,24,30,2,23,10,0,2,17
7300110000000000590217,35,25,,6,4,35,0,27,8,35,0,35,0,35,153,80,73,4,65,36,0,8,40
7300110000000000330401,30,24,,4,2,29,0,27,2,29,0,29,0,37,138,62,76,6,43,24,0,7,58
7300110000000000590102,37,21,,13,3,33,1,22,12,33,1,33,1,37,134,65,69,7,45,26,0,9,47
7300110000000000330402,44,26,,15,3,43,1,31,13,41,3,44,0,51,182,82,100,4,54,37,0,21,66
7300110000000000140410,18,7,,11,0,18,0,10,8,18,0,18,0,19,60,27,33,2,14,16,0,1,27
7300110000000000330114,85,27,,56,2,83,1,71,13,83,1,83,1,93,329,151,178,11,78,79,4,18,139
7300110000000000580406,22,21,,1,0,18,0,17,1,18,0,18,0,18,70,34,36,0,21,20,0,5,24
7300110000000000580305,14,14,,0,0,14,0,13,1,14,0,14,0,14,32,14,18,1,7,4,0,0,20
7300110000000000590111,37,30,,7,0,37,0,33,4,37,0,37,0,40,142,68,74,5,51,29,1,6,50
7300110000000000331126,34,21,,12,1,32,0,29,3,32,0,32,0,34,97,41,56,5,22,12,8,2,48
7300110000000000590605,10,5,,5,0,10,0,10,0,10,0,10,0,10,44,22,22,1,13,11,0,2,17
7300110000000000590702,80,65,,12,3,73,1,54,20,73,1,73,1,75,248,120,128,11,60,59,3,14,101
7300110000000000580515,27,25,,1,1,27,0,24,2,27,0,27,0,28,91,41,50,0,21,21,0,8,41
7300110000000000580317,19,19,,0,0,19,0,18,1,19,0,19,0,19,60,25,35,1,20,12,1,1,25
7300110000000000560134,6,4,,1,1,6,0,1,5,6,0,6,0,6,26,12,14,1,10,8,0,2,5
7300110000000000560103,25,12,,12,1,25,0,18,7,25,0,25,0,27,90,46,44,1,26,24,0,5,34
7300110000000000590615,21,17,,4,0,21,0,3,18,21,0,21,0,26,105,50,55,1,40,19,0,23,22
7300110000000000590218,38,30,,8,0,35,0,27,8,35,0,35,0,35,130,59,71,4,50,30,0,3,43
7300110000000000330246,9,7,,0,2,8,0,6,2,8,0,8,0,8,31,19,12,2,4,12,0,4,9
7300110000000000330514,38,24,,11,3,37,0,26,11,37,0,37,0,39,183,79,104,8,70,34,0,21,50
7300110000000000590302,20,20,,0,0,20,0,16,4,20,0,20,0,26,94,39,55,3,40,16,0,15,20
7300110000000000330244,15,14,,1,0,15,0,11,4,15,0,15,0,16,69,26,43,2,17,12,0,1,37
7300110000000000580409,26,21,,5,0,24,0,19,3,24,0,24,0,24,79,31,48,1,26,16,0,5,31
7300110000000000330817,54,13,,33,8,53,0,29,24,53,0,53,0,54,156,66,90,2,52,30,1,7,64
7300110000000000590119,34,28,,5,1,34,0,25,9,34,0,34,0,38,152,67,85,5,70,27,0,16,34
7300110000000000130207,58,57,,1,0,58,0,45,13,57,1,58,0,58,220,107,113,7,30,36,21,0,126
7300110000000000140101,28,20,,6,2,28,0,25,3,28,0,28,0,34,116,45,71,4,36,23,2,0,51
7300110000000000330923,28,13,,15,0,26,2,15,13,26,2,26,2,28,102,38,64,5,30,22,4,7,34
7300110000000000590206,40,35,,5,0,39,0,32,6,39,0,39,0,39,160,74,86,5,55,37,0,15,48
7300110000000000590106,58,31,,27,0,55,0,38,17,55,0,55,0,55,190,95,95,2,54,40,1,14,79
7300110000000000330423,484,346,,77,40,453,24,323,154,450,27,474,3,538,1850,861,989,44,685,400,2,189,530
7300110000000000580402,19,16,,1,2,19,0,14,4,19,0,19,0,20,77,37,40,1,30,11,0,10,25
7300110000000000330916,23,17,,6,0,23,0,23,0,23,0,23,0,23,75,32,43,1,19,12,3,1,39
7300110000000000580401,17,17,,0,0,17,0,12,4,17,0,17,0,17,60,27,33,1,17,20,0,1,21
7300110000000000580123,43,12,,30,1,42,0,35,7,42,0,42,0,44,156,77,79,7,44,30,1,5,69
7300110000000000580127,0,0,,0,0,0,0,0,0,0,0,0,0,0,0,0,0,0,0,0,0,0,0
7300110000000000560810,0,0,,0,0,0,0,0,0,0,0,0,0,0,0,0,0,0,0,0,0,0,0
7300110000000000320715,0,0,,0,0,0,0,0,0,0,0,0,0,0,0,0,0,0,0,0,0,0,0
7300110000000000330247,0,0,,0,0,0,0,0,0,0,0,0,0,0,0,0,0,0,0,0,0,0,0
7300110000000000590220,0,0,,0,0,0,0,0,0,0,0,0,0,0,0,0,0,0,0,0,0,0,0
7300110000000000330926,0,0,,0,0,0,0,0,0,0,0,0,0,0,0,0,0,0,0,0,0,0,0
7300110000000000560804,0,0,,0,0,0,0,0,0,0,0,0,0,0,0,0,0,0,0,0,0,0,0
7300110000000000590213,0,0,,0,0,0,0,0,0,0,0,0,0,0,0,0,0,0,0,0,0,0,0
7300110000000000330253,0,0,,0,0,0,0,0,0,0,0,0,0,0,0,0,0,0,0,0,0,0,0
7300110000000000560826,0,0,,0,0,0,0,0,0,0,0,0,0,0,0,0,0,0,0,0,0,0,0
7300110000000000580325,0,0,,0,0,0,0,0,0,0,0,0,0,0,0,0,0,0,0,0,0,0,0
7300110000000000130219,0,0,,0,0,0,0,0,0,0,0,0,0,0,0,0,0,0,0,0,0,0,0
7300110000000000590105,64,56,,4,4,59,0,44,15,59,0,59,0,61,250,128,122,6,107,53,0,34,50
7300110000000000330115,43,40,,3,0,42,0,38,3,42,0,42,0,42,156,66,90,10,20,30,5,2,89
7300110000000000590614,24,23,,0,1,24,0,21,3,24,0,24,0,24,104,56,48,3,49,23,0,11,18
7300110000000000580219,66,50,,14,2,60,2,48,14,60,2,61,1,62,225,107,118,11,52,49,0,13,100
7300110000000000331105,21,20,,1,0,21,0,13,8,21,0,21,0,22,72,29,43,1,16,9,5,0,41
7300110000000000140111,44,18,,20,6,42,0,31,11,42,0,42,0,45,143,59,84,2,37,29,0,9,66
7300110000000000580323,22,18,,3,1,21,0,16,5,21,0,21,0,21,72,29,43,3,29,10,0,3,27
7300110000000000330245,18,17,,1,0,18,0,13,5,18,0,18,0,18,70,31,39,2,25,12,1,2,28
7300110000000000580103,39,37,,2,0,39,0,32,7,39,0,39,0,40,156,78,78,8,45,42,0,4,57
7300110000000000330408,42,29,,13,0,42,0,33,9,42,0,42,0,42,165,76,89,7,57,41,0,10,50
7300110000000000330806,26,22,,4,0,26,0,21,5,26,0,26,0,28,119,58,61,4,45,17,0,9,44
7300110000000000130303,25,23,,2,0,25,0,22,3,25,0,25,0,25,97,42,55,0,17,13,5,2,60
7300110000000000330509,45,42,,1,2,45,0,41,4,45,0,45,0,45,192,80,112,8,52,34,0,7,91
7300110000000000590121,29,26,,1,2,28,0,20,8,27,1,28,0,29,118,59,59,5,48,35,0,12,18
7300110000000000330250,69,66,,2,1,69,0,67,2,69,0,69,0,125,326,163,163,5,8,119,4,2,188
7300110000000000330508,39,26,,11,2,38,0,30,8,38,0,38,0,41,160,81,79,6,59,32,0,15,48
7300110000000000580503,27,15,,10,2,24,0,15,9,24,0,24,0,24,103,47,56,1,56,18,1,11,16
7300110000000000330802,15,11,,4,0,14,1,8,7,14,1,14,1,15,53,20,33,1,19,6,2,7,18
7300110000000000590315,100,97,,2,1,98,1,51,48,98,1,98,1,103,439,214,225,13,206,75,0,50,95
7300110000000000590522,23,21,,0,2,23,0,18,5,23,0,23,0,23,98,44,54,2,30,14,0,12,40
7300110000000000330107,61,30,,31,0,58,0,49,9,58,0,58,0,59,208,100,108,5,44,42,7,6,104
7300110000000000590219,31,25,,6,0,30,0,22,8,30,0,30,0,30,105,49,56,1,27,22,0,10,45
7300110000000000330913,26,21,,4,1,26,0,24,2,26,0,26,0,26,92,44,48,1,15,17,2,2,55
7300110000000000330119,56,31,,24,1,55,1,42,14,56,0,56,0,59,215,106,109,6,65,39,2,17,86
7300110000000000590612,26,26,,0,0,22,0,18,2,22,0,22,0,22,96,46,50,5,26,16,0,5,44
7300110000000000590604,0,0,,0,0,0,0,0,0,0,0,0,0,0,0,0,0,0,0,0,0,0,0
7300110000000000140124,0,0,,0,0,0,0,0,0,0,0,0,0,0,0,0,0,0,0,0,0,0,0
7300110000000000560702,0,0,,0,0,0,0,0,0,0,0,0,0,0,0,0,0,0,0,0,0,0,0
7300110000000000320507,0,0,,0,0,0,0,0,0,0,0,0,0,0,0,0,0,0,0,0,0,0,0
7300110000000000590128,0,0,,0,0,0,0,0,0,0,0,0,0,0,0,0,0,0,0,0,0,0,0