COD_DANE;VERSION;AREA;Total_Viviendas;Casa;Apartamento;Tipo_Cuarto;Electrica_SI;Electrica_NO;GasNatural_SI;GasNatural_NO;Alcantarillado_SI;Alcantarillado_NO;Acueducto_SI;Acueducto_NO;Total_Personas;HOMBRE;MUJER;Preescolar;Primaria;Secundaria;Especializacion;Ninguna_Educacion;No_responde;Ninguno;Ninguno
7300110000000000000000;2018;5379.862696;30;12;18;0;46;0;23;0;23;0;23;0;87;45;42;18;0;24;0;3;60;1;2
7300110000000000130204;2018;3244.940412;34;32;2;0;56;0;28;0;28;0;28;0;84;40;44;0;0;40;0;1;43;1;0
7300110000000000130206;2018;2081.423166;24;15;9;0;30;0;15;0;15;0;15;0;38;18;20;0;0;18;0;1;19;1;0
7300110000000000130207;2018;5619.115851;65;59;4;2;112;0;54;1;56;0;56;0;177;72;105;14;0;84;0;4;89;1;3
7300110000000000130208;2018;4902.728507;56;44;11;1;94;0;47;0;47;0;47;0;153;70;83;30;0;44;0;7;102;1;6
7300110000000000130215;2018;1330.499927;17;17;0;0;30;0;15;0;15;0;15;0;40;18;22;9;16;13;0;0;11;0;0
7300110000000000130219;2018;666.214566;0;0;0;0;0;0;0;0;0;0;0;0;0;0;0;0;0;0;0;0;0;0;0
7300110000000000130221;2018;11002.045043;69;61;8;0;125;0;63;0;63;0;63;0;198;95;103;20;60;94;0;2;42;2;0
7300110000000000130222;2018;29854.476448;520;3;515;2;756;2;374;1;378;0;378;0;1017;486;531;129;260;376;166;31;184;21;10
7300110000000000130223;2018;667.344902;4;1;3;0;8;0;3;1;4;0;4;0;8;4;4;0;0;0;0;0;8;0;0
7300110000000000130224;2018;3384.025092;14;12;2;0;28;0;14;0;14;0;14;0;38;20;18;0;0;11;0;3;24;0;3
7300110000000000130225;2018;2655.405146;28;22;4;2;40;0;19;1;19;1;19;1;55;26;29;0;17;18;0;2;18;2;0
7300110000000000130226;2018;1954.571333;25;22;3;0;48;0;24;0;24;0;24;0;67;33;34;0;0;19;0;1;47;1;0
7300110000000000130227;2018;1867.904079;26;22;4;0;44;0;22;0;22;0;22;0;63;31;32;7;0;26;0;2;35;2;0
7300110000000000130228;2018;16011.782779;0;0;0;0;0;0;0;0;0;0;0;0;0;0;0;0;0;0;0;0;0;0;0
7300110000000000130230;2018;1044.502154;15;7;8;0;24;0;12;0;12;0;12;0;25;13;12;0;0;14;0;0;11;0;0
7300110000000000130231;2018;364.542990;0;0;0;0;0;0;0;0;0;0;0;0;0;0;0;0;0;0;0;0;0;0;0
7300110000000000130232;2018;1474.966374;16;14;2;0;30;0;14;1;15;0;15;0;41;21;20;0;24;0;0;1;16;1;0
7300110000000000130233;2018;4445.486348;46;41;5;0;74;0;37;0;37;0;37;0;102;46;56;16;0;44;0;4;54;1;3
7300110000000000130234;2018;665.811486;7;7;0;0;14;0;7;0;7;0;7;0;26;14;12;0;0;6;0;2;18;0;2
7300110000000000130302;2018;1817.015131;25;23;2;0;38;0;19;0;19;0;19;0;62;27;35;0;19;25;0;3;15;1;2
7300110000000000130303;2018;2166.175133;32;28;3;1;52;0;26;0;26;0;26;0;70;37;33;7;0;25;0;4;41;2;2
7300110000000000130307;2018;2740.558577;28;27;1;0;54;0;27;0;27;0;27;0;103;55;48;0;34;45;0;3;21;1;2
7300110000000000130308;2018;2715.799610;39;39;0;0;62;0;31;0;31;0;31;0;99;40;59;0;0;33;7;4;55;3;1
7300110000000000130309;2018;3140.319206;0;0;0;0;0;0;0;0;0;0;0;0;0;0;0;0;0;0;0;0;0;0;0
7300110000000000130310;2018;1740.856764;29;29;0;0;44;0;22;0;22;0;22;0;59;27;32;0;0;22;0;0;37;0;0
7300110000000000130311;2018;5424.433853;33;2;31;0;54;0;27;0;27;0;27;0;85;41;44;0;28;30;0;7;20;0;7
7300110000000000130312;2018;3393.430217;21;12;9;0;34;0;16;0;17;0;17;0;47;25;22;0;0;13;0;3;31;0;3
7300110000000000130313;2018;3153.823796;0;0;0;0;0;0;0;0;0;0;0;0;0;0;0;0;0;0;0;0;0;0;0
7300110000000000130329;2018;24732.653375;128;70;58;0;184;0;91;1;92;0;92;0;259;120;139;39;73;96;38;6;46;2;4
7300110000000000130331;2018;2205.577215;35;30;5;0;64;0;32;0;32;0;32;0;96;45;51;8;0;53;0;1;42;1;0
7300110000000000130332;2018;30458.533752;0;0;0;0;0;0;0;0;0;0;0;0;0;0;0;0;0;0;0;0;0;0;0
7300110000000000130333;2018;2523.848420;34;22;12;0;56;0;28;0;28;0;28;0;80;41;39;11;0;32;0;1;47;1;0
7300110000000000130334;2018;1335.711019;10;3;7;0;14;0;7;0;7;0;7;0;26;14;12;0;0;12;0;0;14;0;0
7300110000000000130335;2018;1250.642843;34;5;29;0;59;0;29;0;30;0;30;0;89;42;47;21;0;30;0;0;59;0;0
7300110000000000130336;2018;3556.907333;8;3;5;0;16;0;8;0;8;0;8;0;27;10;17;0;0;12;0;1;14;1;0
7300110000000000130337;2018;1281.683720;0;0;0;0;0;0;0;0;0;0;0;0;0;0;0;0;0;0;0;0;0;0;0
7300110000000000130338;2018;3192.490534;42;15;27;0;54;0;18;9;27;0;27;0;70;31;39;5;0;26;0;8;36;2;6
7300110000000000130339;2018;4522.976441;66;1;64;1;96;0;47;0;48;0;48;0;128;55;73;14;50;42;0;3;33;1;2
7300110000000000130340;2018;4900.388027;83;0;81;2;138;0;67;1;69;0;69;0;197;84;113;29;0;86;0;4;107;2;2
7300110000000000130341;2018;460.152354;18;17;1;0;30;0;0;15;5;10;5;10;61;27;34;19;0;0;0;4;57;4;0
7300110000000000130342;2018;1101.720326;12;12;0;0;16;0;7;1;8;0;8;0;19;11;8;0;0;0;0;0;19;0;0
7300110000000000130343;2018;3249.576718;37;2;34;1;64;0;30;1;32;0;32;0;84;39;45;13;24;35;9;1;15;0;1
7300110000000000130344;2018;6497.434002;74;0;74;0;122;0;58;1;61;0;61;0;173;79;94;29;0;46;0;9;118;3;6
7300110000000000130345;2018;417.694551;11;10;1;0;20;0;0;10;5;5;4;6;37;13;24;13;0;0;0;0;37;0;0
7300110000000000130346;2018;921.796417;25;0;25;0;50;0;25;0;25;0;25;0;68;33;35;0;0;26;0;0;42;0;0
7300110000000000130347;2018;2322.082300;0;0;0;0;0;0;0;0;0;0;0;0;0;0;0;0;0;0;0;0;0;0;0
7300110000000000130348;2018;5974.534990;0;0;0;0;0;0;0;0;0;0;0;0;0;0;0;0;0;0;0;0;0;0;0
7300110000000000130349;2018;948.890037;0;0;0;0;0;0;0;0;0;0;0;0;0;0;0;0;0;0;0;0;0;0;0
7300110000000000130350;2018;234.098228;7;6;1;0;14;0;0;7;3;4;3;4;29;14;15;12;0;0;0;0;29;0;0
7300110000000000130351;2018;601.590963;9;7;2;0;18;0;0;9;2;7;2;7;35;18;17;0;0;0;0;3;32;2;1
7300110000000000130352;2018;502.154050;10;10;0;0;20;0;0;10;3;7;2;8;32;20;12;0;0;0;0;1;31;1;0
7300110000000000130353;2018;3152.097967;17;17;0;0;24;0;1;11;5;7;5;7;42;17;25;19;0;0;0;1;41;1;0
7300110000000000130354;2018;2396.863378;24;21;1;1;35;0;0;18;7;11;7;11;66;28;38;24;0;0;0;3;63;3;0
7300110000000000130355;2018;3035.619104;10;10;0;0;19;0;1;9;5;5;4;6;28;15;13;0;0;0;0;3;25;1;2
7300110000000000130502;2018;2623.650065;38;35;3;0;12;0;6;0;6;0;6;0;18;12;6;0;0;10;0;1;7;1;0
7300110000000000130503;2018;2290.596008;6;6;0;0;0;0;0;0;0;0;0;0;0;0;0;0;0;0;0;0;0;0;0
7300110000000000130504;2018;122642.559034;0;0;0;0;0;0;0;0;0;0;0;0;0;0;0;0;0;0;0;0;0;0;0
7300110000000000130517;2018;3203.732881;54;50;4;0;104;0;51;1;51;1;52;0;185;81;104;72;0;20;0;7;158;6;1
7300110000000000140101;2018;4002.550081;26;16;4;6;50;0;23;0;25;0;25;0;73;29;44;19;0;19;0;4;50;0;4
7300110000000000140105;2018;4001.978527;27;20;7;0;48;0;24;0;24;0;24;0;72;28;44;15;0;22;0;3;47;2;1
7300110000000000140106;2018;4023.614337;39;15;24;0;70;0;35;0;35;0;35;0;99;44;55;0;0;28;0;3;68;3;0
7300110000000000140110;2018;9071.358834;72;41;31;0;104;0;52;0;52;0;52;0;158;76;82;31;61;51;0;7;39;5;2
7300110000000000140111;2018;4454.485181;50;12;38;0;72;0;33;0;36;0;36;0;115;51;64;22;0;34;0;8;73;8;0
7300110000000000140113;2018;6007.469969;46;28;18;0;80;0;39;1;40;0;40;0;117;51;66;36;0;45;0;1;71;0;1
7300110000000000140114;2018;4423.480931;36;19;17;0;58;0;29;0;29;0;29;0;82;33;49;0;0;33;0;3;46;1;2
7300110000000000140118;2018;6035.335060;47;33;14;0;86;0;42;0;43;0;43;0;134;67;67;23;60;37;0;2;35;2;0
7300110000000000140119;2018;1484.996147;19;10;3;6;26;0;12;1;13;0;13;0;37;17;20;0;0;8;0;1;28;1;0
7300110000000000140301;2018;1656.415864;22;13;9;0;42;0;21;0;21;0;21;0;65;21;44;11;0;0;0;0;65;0;0
7300110000000000140302;2018;1085.381276;24;7;17;0;44;0;21;0;22;0;22;0;73;31;42;0;0;22;0;2;49;2;0
7300110000000000140303;2018;359.155880;7;4;3;0;14;0;7;0;7;0;7;0;21;12;9;0;0;0;0;0;21;0;0
7300110000000000140304;2018;18404.962961;180;4;175;1;306;0;152;0;153;0;152;1;370;167;203;28;105;157;55;5;48;0;5
7300110000000000140306;2018;1665.981651;23;13;10;0;40;0;20;0;20;0;20;0;65;23;42;0;0;18;0;5;42;4;1
7300110000000000140307;2018;1665.259132;29;20;9;0;56;0;28;0;28;0;28;0;82;35;47;0;0;28;7;1;46;0;1
7300110000000000140308;2018;1292.351721;25;15;10;0;42;0;21;0;21;0;21;0;59;23;36;0;0;19;0;5;35;5;0
7300110000000000140309;2018;6281.949768;1075;809;227;33;2120;25;980;75;1038;33;1050;21;2379;1324;1055;384;922;661;115;164;517;43;121
7300110000000000140319;2018;8895.096429;0;0;0;0;0;0;0;0;0;0;0;0;0;0;0;0;0;0;0;0;0;0;0
7300110000000000140320;2018;1061.449443;0;0;0;0;0;0;0;0;0;0;0;0;0;0;0;0;0;0;0;0;0;0;0
7300110000000000140409;2018;1132.348539;16;5;10;1;28;0;14;0;14;0;14;0;44;18;26;0;0;8;0;2;34;1;1
7300110000000000140410;2018;1120.616402;21;11;9;1;30;0;14;1;15;0;15;0;37;15;22;0;0;14;0;3;20;3;0
7300110000000000140411;2018;1109.536350;25;13;12;0;38;1;19;0;19;0;19;0;48;20;28;0;0;10;0;2;36;1;1
7300110000000000140412;2018;1118.440907;21;7;14;0;28;0;13;0;14;0;14;0;36;16;20;12;0;10;0;0;26;0;0
7300110000000000140414;2018;759.947398;10;8;2;0;14;0;7;0;7;0;7;0;19;6;13;0;0;7;0;0;12;0;0
7300110000000000140424;2018;1270.726557;28;8;20;0;52;0;26;0;26;0;26;0;76;32;44;18;38;13;0;0;25;0;0
7300110000000000140428;2018;523.582043;5;4;1;0;10;0;5;0;5;0;5;0;20;10;10;4;0;0;0;0;20;0;0
7300110000000000140429;2018;1118.620960;19;15;4;0;34;0;17;0;17;0;17;0;55;20;35;0;0;14;0;1;40;0;1
7300110000000000140916;2018;4174.346503;0;0;0;0;0;0;0;0;0;0;0;0;0;0;0;0;0;0;0;0;0;0;0
7300110000000000320503;2018;5471.195129;33;25;7;1;62;0;29;2;31;0;31;0;99;41;58;0;34;35;0;4;26;1;3
7300110000000000320504;2018;3534.502277;22;18;4;0;44;0;22;0;22;0;22;0;73;35;38;0;0;17;0;5;51;2;3
7300110000000000320505;2018;3563.706340;29;23;5;1;52;0;26;0;26;0;26;0;74;32;42;0;22;37;0;1;14;1;0
7300110000000000320506;2018;3612.336449;49;23;26;0;90;0;44;1;45;0;45;0;141;71;70;0;0;47;0;4;90;1;3
7300110000000000320507;2018;1439.682893;0;0;0;0;0;0;0;0;0;0;0;0;0;0;0;0;0;0;0;0;0;0;0
7300110000000000320508;2018;1438.872484;0;0;0;0;0;0;0;0;0;0;0;0;0;0;0;0;0;0;0;0;0;0;0
7300110000000000320513;2018;5533.205822;86;66;19;1;157;0;75;3;79;0;78;1;215;101;114;35;68;63;27;17;40;7;10
7300110000000000320514;2018;3521.894181;36;31;5;0;70;0;35;0;35;0;35;0;123;57;66;18;0;42;0;5;76;1;4
7300110000000000320610;2018;3563.059045;30;27;3;0;60;0;30;0;30;0;30;0;106;52;54;24;47;28;0;3;28;3;0
7300110000000000320611;2018;3559.565466;33;20;13;0;62;0;29;2;31;0;31;0;93;43;50;12;0;31;0;1;61;1;0
7300110000000000320612;2018;3567.150959;81;54;25;2;148;0;72;0;74;0;74;0;253;106;147;59;102;62;0;10;79;3;7
7300110000000000320614;2018;2693.299183;34;21;11;2;60;0;30;0;30;0;30;0;93;38;55;0;0;28;0;0;65;0;0
7300110000000000320701;2018;5399.734538;51;36;15;0;96;0;48;0;48;0;48;0;140;64;76;25;0;52;0;1;87;1;0
7300110000000000320702;2018;3547.114485;34;22;12;0;62;0;31;0;30;1;31;0;106;48;58;0;43;18;0;7;38;7;0
7300110000000000320703;2018;3663.412264;22;20;2;0;44;0;22;0;22;0;22;0;73;28;45;16;30;0;0;3;40;3;0
7300110000000000320704;2018;3749.546719;44;31;13;0;84;0;42;0;42;0;42;0;125;60;65;25;52;38;0;1;34;0;1
7300110000000000320705;2018;1596.393629;0;0;0;0;0;0;0;0;0;0;0;0;0;0;0;0;0;0;0;0;0;0;0
7300110000000000320707;2018;3561.884187;35;27;7;1;64;0;32;0;32;0;32;0;116;63;53;26;0;36;0;3;77;2;1
7300110000000000320708;2018;4353.087938;52;39;12;1;84;0;36;6;42;0;42;0;149;63;86;57;0;0;0;1;148;1;0
7300110000000000320709;2018;2962.281786;0;0;0;0;0;0;0;0;0;0;0;0;0;0;0;0;0;0;0;0;0;0;0
7300110000000000320710;2018;3563.980956;42;26;16;0;62;0;29;0;31;0;31;0;115;48;67;0;0;33;6;3;73;2;1
7300110000000000320711;2018;3526.100065;35;20;15;0;70;0;34;1;35;0;35;0;106;48;58;32;0;30;0;0;76;0;0
7300110000000000320712;2018;3610.186947;0;0;0;0;0;0;0;0;0;0;0;0;0;0;0;0;0;0;0;0;0;0;0
7300110000000000320714;2018;20892.147313;0;0;0;0;0;0;0;0;0;0;0;0;0;0;0;0;0;0;0;0;0;0;0
7300110000000000320715;2018;1732.112965;0;0;0;0;0;0;0;0;0;0;0;0;0;0;0;0;0;0;0;0;0;0;0
7300110000000000330101;2018;5959.428848;69;46;20;3;126;1;62;1;61;2;63;0;198;88;110;37;82;65;0;7;44;3;4
7300110000000000330102;2018;2923.803471;48;21;27;0;88;0;44;0;44;0;44;0;124;58;66;0;0;44;0;3;77;2;1
7300110000000000330103;2018;2991.426755;34;32;2;0;64;0;32;0;32;0;32;0;98;44;54;12;0;43;0;1;54;1;0
7300110000000000330104;2018;2883.652494;29;26;3;0;58;0;29;0;29;0;29;0;98;49;49;11;0;38;7;1;52;0;1
7300110000000000330105;2018;2886.892523;50;50;0;0;80;0;38;2;40;0;40;0;101;42;59;0;30;52;0;0;19;0;0
7300110000000000330106;2018;2798.509257;31;29;2;0;53;0;27;0;27;0;27;0;77;35;42;7;0;35;0;3;39;1;2
7300110000000000330107;2018;3196.797472;73;27;46;0;128;0;64;0;63;1;64;0;209;99;110;32;0;71;0;1;137;1;0
7300110000000000330109;2018;3429.190190;61;15;44;2;122;0;61;0;61;0;61;0;202;91;111;32;0;77;0;6;119;6;0
7300110000000000330111;2018;2680.843572;36;35;1;0;60;0;30;0;30;0;30;0;96;49;47;14;0;24;0;1;71;1;0
7300110000000000330114;2018;3328.269457;63;11;51;1;102;0;51;0;51;0;51;0;160;76;84;26;0;54;0;5;101;3;2
7300110000000000330115;2018;3387.685688;43;38;4;1;78;0;39;0;39;0;39;0;140;66;74;18;0;54;0;2;84;2;0
7300110000000000330116;2018;5598.855919;97;61;33;3;142;0;70;1;71;0;71;0;201;92;109;44;0;64;0;7;130;2;5
7300110000000000330117;2018;3485.830566;61;49;12;0;108;0;53;0;54;0;54;0;140;67;73;20;0;50;7;8;75;4;4
7300110000000000330118;2018;1840.646717;39;9;20;10;72;0;34;2;36;0;36;0;97;43;54;38;0;11;0;2;84;2;0
7300110000000000330119;2018;2729.496962;50;28;21;1;92;0;46;0;46;0;46;0;144;69;75;40;0;29;0;10;105;2;8
7300110000000000330120;2018;1777.371058;40;10;30;0;60;0;30;0;30;0;30;0;98;41;57;25;0;27;0;1;70;0;1
7300110000000000330121;2018;1909.537706;26;23;2;1;48;0;22;0;24;0;24;0;66;26;40;0;17;24;11;2;12;0;2
7300110000000000330122;2018;2985.143178;46;46;0;0;78;0;35;1;39;0;39;0;125;56;69;19;43;44;6;4;28;3;1
7300110000000000330123;2018;3652.914935;55;53;1;1;90;0;42;0;45;0;45;0;140;77;63;26;0;49;0;7;84;2;5
7300110000000000330124;2018;1871.371318;28;23;1;4;54;0;27;0;27;0;27;0;98;48;50;34;0;8;0;5;85;2;3
7300110000000000330125;2018;2083.048464;40;9;24;7;78;0;27;12;36;3;38;1;114;47;67;34;0;13;0;7;94;5;2
7300110000000000330205;2018;3616.364781;177;1;176;0;286;1;143;0;143;0;143;0;379;171;208;41;95;164;43;7;70;3;4
7300110000000000330209;2018;1538.220286;30;14;14;2;54;0;27;0;27;0;27;0;87;44;43;23;0;19;0;2;66;2;0
7300110000000000330210;2018;1858.710390;47;12;33;2;58;0;29;0;29;0;29;0;84;39;45;0;0;15;0;2;67;1;1
7300110000000000330212;2018;1746.763726;16;14;1;1;28;0;14;0;14;0;14;0;38;18;20;13;0;11;0;1;26;0;1
7300110000000000330217;2018;1040.409949;13;13;0;0;22;0;11;0;11;0;11;0;36;15;21;0;0;14;0;0;22;0;0
7300110000000000330218;2018;1015.437123;17;13;4;0;32;0;16;0;16;0;16;0;37;18;19;0;0;0;0;4;33;0;4
7300110000000000330219;2018;1022.249439;15;12;2;1;22;1;10;1;11;0;11;0;25;10;15;0;0;0;0;1;24;0;1
7300110000000000330220;2018;8893.237156;170;4;166;0;207;0;100;1;103;1;103;1;282;137;145;35;87;108;31;8;48;2;6
7300110000000000330221;2018;2037.433743;24;21;3;0;44;0;22;0;22;0;22;0;66;32;34;0;0;21;0;1;44;0;1
7300110000000000330222;2018;2260.927525;20;15;2;3;36;0;17;1;18;0;18;0;58;24;34;16;0;6;0;4;48;4;0
7300110000000000330228;2018;1439.390465;20;19;1;0;30;0;15;0;15;0;15;0;47;23;24;10;12;0;0;0;35;0;0
7300110000000000330229;2018;1200.597797;17;15;2;0;30;0;15;0;15;0;15;0;44;17;27;0;0;0;0;1;43;1;0
7300110000000000330241;2018;1847.094794;6;1;5;0;10;0;5;0;5;0;5;0;13;7;6;3;0;0;0;0;13;0;0
7300110000000000330242;2018;917.050303;15;14;1;0;28;0;14;0;14;0;14;0;38;22;16;8;0;7;0;3;28;2;1
7300110000000000330243;2018;1198.806822;20;6;13;1;40;0;20;0;20;0;20;0;72;39;33;0;0;0;0;2;70;2;0
7300110000000000330244;2018;1057.110384;30;7;23;0;54;0;26;1;27;0;27;0;85;42;43;17;0;12;0;1;72;1;0
7300110000000000330245;2018;1040.702940;23;20;2;1;40;0;20;0;20;0;20;0;62;31;31;13;0;9;0;3;50;0;3
7300110000000000330246;2018;755.853720;12;6;6;0;22;0;11;0;11;0;11;0;35;15;20;11;0;8;0;2;25;2;0
7300110000000000330247;2018;1850.097239;0;0;0;0;0;0;0;0;0;0;0;0;0;0;0;0;0;0;0;0;0;0;0
7300110000000000330248;2018;960.566153;21;15;5;1;38;0;19;0;19;0;19;0;54;27;27;12;0;0;0;5;49;1;4
7300110000000000330249;2018;947.898161;29;13;16;0;54;0;27;0;27;0;27;0;77;34;43;8;0;30;0;0;47;0;0
7300110000000000330250;2018;612.833817;10;8;2;0;12;0;6;0;6;0;6;0;20;7;13;0;0;11;0;1;8;1;0
7300110000000000330251;2018;1503.944034;30;21;8;1;54;0;25;2;27;0;27;0;73;38;35;0;25;23;0;4;21;2;2
7300110000000000330301;2018;1979.252540;44;29;10;5;74;0;36;1;37;0;37;0;108;60;48;25;0;16;0;6;86;6;0
7300110000000000330302;2018;1809.351906;19;5;14;0;38;0;18;1;19;0;19;0;55;25;30;24;0;5;0;0;50;0;0
7300110000000000330305;2018;1942.801881;31;14;16;1;50;0;25;0;25;0;25;0;81;37;44;26;0;12;0;0;69;0;0
7300110000000000330307;2018;2900.748068;63;26;35;2;108;0;54;0;54;0;54;0;156;70;86;0;65;34;3;9;45;7;2
7300110000000000330308;2018;9646.728827;137;69;59;9;248;0;122;1;124;0;124;0;339;161;178;86;0;83;0;5;251;4;1
7300110000000000330312;2018;4959.546993;52;49;3;0;84;0;41;0;42;0;42;0;106;45;61;0;0;33;11;4;58;1;3
7300110000000000330314;2018;27369.002899;0;0;0;0;0;0;0;0;0;0;0;0;0;0;0;0;0;0;0;0;0;0;0
7300110000000000330315;2018;1354.824485;41;35;2;4;72;0;36;0;36;0;36;0;106;54;52;28;0;23;0;2;81;0;2
7300110000000000330317;2018;2588.637082;48;38;10;0;86;0;42;0;43;0;43;0;148;79;69;0;0;27;0;6;115;4;2
7300110000000000330318;2018;409.741264;4;0;2;2;8;0;4;0;4;0;4;0;8;3;5;0;0;0;0;0;8;0;0
7300110000000000330326;2018;14411.291318;72;55;7;10;130;0;63;1;64;1;65;0;164;79;85;48;65;34;6;7;52;3;4
7300110000000000330327;2018;1233.353134;20;7;12;1;34;0;17;0;17;0;17;0;40;19;21;0;0;0;0;2;38;2;0
7300110000000000330328;2018;1344.268469;34;16;18;0;56;0;28;0;28;0;28;0;97;50;47;21;0;29;0;3;65;3;0
7300110000000000330329;2018;1450.003133;32;29;2;1;62;0;28;0;31;0;31;0;99;46;53;24;0;32;0;4;63;1;3
7300110000000000330330;2018;1340.971263;35;16;19;0;60;0;26;0;30;0;30;0;84;36;48;16;0;18;0;6;60;4;2
7300110000000000330331;2018;1430.030862;31;2;27;2;58;0;29;0;29;0;29;0;90;44;46;0;0;19;0;1;70;1;0
7300110000000000330332;2018;677.290802;13;4;9;0;16;0;5;0;8;0;8;0;24;12;12;5;0;5;0;1;18;0;1
7300110000000000330333;2018;2151.936135;43;12;28;3;72;0;35;1;36;0;36;0;114;54;60;27;0;19;0;2;93;1;1
7300110000000000330334;2018;2301.995977;36;17;19;0;68;0;34;0;34;0;34;0;105;49;56;26;0;19;0;4;82;2;2
7300110000000000330335;2018;1007.938604;21;18;3;0;36;0;18;0;18;0;18;0;65;26;39;13;0;16;0;1;48;0;1
7300110000000000330339;2018;1928.237342;0;0;0;0;0;0;0;0;0;0;0;0;0;0;0;0;0;0;0;0;0;0;0
7300110000000000330340;2018;601.798989;12;5;5;2;22;0;11;0;11;0;11;0;31;20;11;0;0;0;0;0;31;0;0
7300110000000000330341;2018;1069.114733;15;14;1;0;30;0;15;0;15;0;15;0;54;24;30;13;0;17;0;3;34;0;3
7300110000000000330342;2018;19777.808416;204;139;64;1;360;0;179;1;180;0;180;0;529;239;290;53;151;251;53;5;69;4;1
7300110000000000330401;2018;1790.613937;36;33;3;0;70;0;35;0;35;0;35;0;128;62;66;37;60;23;0;5;40;5;0
7300110000000000330402;2018;4337.796845;42;32;9;1;80;0;39;1;40;0;40;0;127;56;71;36;0;22;0;6;99;3;3
7300110000000000330405;2018;3343.785542;74;74;0;0;148;0;74;0;74;0;74;0;208;90;118;54;0;42;0;0;166;0;0
7300110000000000330406;2018;3126.974017;42;42;0;0;84;0;42;0;42;0;42;0;160;75;85;32;0;28;0;1;131;1;0
7300110000000000330407;2018;2009.843995;34;31;3;0;66;0;31;2;32;1;33;0;111;51;60;33;0;19;0;1;91;1;0
7300110000000000330408;2018;2061.832582;28;13;15;0;54;0;26;1;26;1;27;0;120;61;59;43;48;18;0;2;52;1;1
7300110000000000330409;2018;2048.887495;31;26;5;0;56;0;27;1;28;0;28;0;108;43;65;23;0;21;0;4;83;4;0
7300110000000000330410;2018;2181.229915;41;41;0;0;76;0;37;0;38;0;38;0;135;68;67;42;50;29;0;2;54;2;0
7300110000000000330411;2018;16593.867680;122;110;10;2;224;0;110;1;112;0;112;0;377;168;209;84;0;88;21;9;259;8;1
7300110000000000330414;2018;2518.896038;40;39;1;0;80;0;39;1;40;0;40;0;131;60;71;33;0;15;0;5;111;5;0
7300110000000000330415;2018;1206.512156;0;0;0;0;0;0;0;0;0;0;0;0;0;0;0;0;0;0;0;0;0;0;0
7300110000000000330423;2018;2011.475436;37;24;12;1;73;0;36;1;36;1;36;1;103;46;57;28;0;8;0;4;91;4;0
7300110000000000330424;2018;1940.816008;34;34;0;0;68;0;32;0;34;0;34;0;117;55;62;40;0;16;0;4;97;4;0
7300110000000000330425;2018;2033.763446;35;31;4;0;58;0;29;0;29;0;29;0;101;46;55;37;0;15;0;2;84;0;2
7300110000000000330426;2018;2415.787639;48;48;0;0;96;0;48;0;48;0;48;0;145;69;76;48;58;18;0;12;57;6;6
7300110000000000330427;2018;2604.211779;46;40;5;1;85;0;42;1;43;0;43;0;145;73;72;53;54;23;0;5;63;5;0
7300110000000000330428;2018;1500.270253;39;19;18;2;78;0;39;0;39;0;39;0;107;45;62;32;0;12;0;3;92;1;2
7300110000000000330429;2018;1648.007860;16;9;0;4;27;0;9;5;13;1;13;1;34;19;15;16;0;0;0;3;31;2;1
7300110000000000330430;2018;1884.936819;31;22;9;0;52;0;25;1;26;0;26;0;79;37;42;26;0;14;0;1;64;1;0
7300110000000000330431;2018;845.313420;0;0;0;0;0;0;0;0;0;0;0;0;0;0;0;0;0;0;0;0;0;0;0
7300110000000000330432;2018;743.036922;12;12;0;0;20;0;10;0;10;0;10;0;35;16;19;15;0;0;0;0;35;0;0
7300110000000000330433;2018;1151.089011;23;19;4;0;34;0;17;0;17;0;17;0;53;21;32;16;0;0;0;3;50;3;0
7300110000000000330434;2018;1689.926527;27;27;0;0;50;0;24;1;25;0;25;0;98;40;58;35;0;6;0;6;86;5;1
7300110000000000330435;2018;2022.712780;34;34;0;0;64;0;29;3;32;0;32;0;106;56;50;41;0;9;0;9;88;6;3
7300110000000000330436;2018;2620.916828;15;13;2;0;28;0;8;6;8;6;8;6;50;25;25;22;0;0;0;0;50;0;0
7300110000000000330437;2018;2862.395809;62;53;5;1;98;3;38;11;45;4;45;4;165;79;86;54;0;18;0;8;139;5;3
7300110000000000330438;2018;2492.665307;21;14;5;2;36;0;13;5;17;1;18;0;72;34;38;31;0;0;0;1;71;1;0
7300110000000000330439;2018;2216.722520;44;42;0;2;88;0;41;2;44;0;44;0;156;78;78;51;0;29;0;2;125;2;0
7300110000000000330440;2018;1904.787062;34;33;1;0;68;0;33;1;34;0;34;0;116;55;61;0;0;24;0;4;88;1;3
7300110000000000330441;2018;1837.715673;38;24;13;1;74;0;34;0;37;0;37;0;105;56;49;34;0;11;0;3;91;3;0
7300110000000000330442;2018;2076.964066;38;28;7;3;66;0;33;0;33;0;33;0;108;53;55;37;0;5;0;5;98;5;0
7300110000000000330443;2018;293.264735;0;0;0;0;0;0;0;0;0;0;0;0;0;0;0;0;0;0;0;0;0;0;0
7300110000000000330444;2018;1925.915013;16;14;1;1;31;0;4;12;12;4;13;3;71;35;36;39;0;0;0;2;69;2;0
7300110000000000330501;2018;1857.933178;41;39;2;0;81;0;41;0;41;0;41;0;135;70;65;36;0;19;0;4;112;1;3
7300110000000000330507;2018;1799.661047;28;27;1;0;56;0;28;0;28;0;28;0;83;44;39;27;0;7;0;0;76;0;0
7300110000000000330508;2018;1447.566189;30;29;1;0;60;0;29;0;30;0;30;0;88;39;49;31;0;6;0;7;75;7;0
7300110000000000330509;2018;1711.422698;45;45;0;0;80;0;40;0;40;0;40;0;140;63;77;38;0;27;0;0;113;0;0
7300110000000000330510;2018;1258.246934;34;33;0;1;62;0;31;0;31;0;31;0;88;38;50;28;0;8;0;0;80;0;0
7300110000000000330511;2018;1094.386177;27;27;0;0;50;0;25;0;25;0;25;0;74;40;34;0;0;15;0;0;59;0;0
7300110000000000330512;2018;1209.397164;19;19;0;0;32;0;16;0;16;0;16;0;42;23;19;23;0;0;0;0;42;0;0
7300110000000000330513;2018;1189.646171;23;23;0;0;40;0;18;1;19;1;20;0;68;24;44;26;0;9;0;1;58;0;1
7300110000000000330514;2018;1230.336283;32;30;1;1;57;0;28;1;29;0;29;0;109;54;55;45;0;0;0;1;108;1;0
7300110000000000330515;2018;1255.565768;34;34;0;0;58;0;28;1;29;0;29;0;100;48;52;37;0;7;0;1;92;1;0
7300110000000000330516;2018;1212.190042;32;32;0;0;48;0;24;0;24;0;24;0;79;37;42;0;0;0;0;3;76;3;0
7300110000000000330517;2018;892.003153;0;0;0;0;0;0;0;0;0;0;0;0;0;0;0;0;0;0;0;0;0;0;0
7300110000000000330528;2018;11863.231359;172;166;5;1;344;0;171;0;172;0;172;0;559;272;287;138;247;123;0;15;174;13;2
7300110000000000330802;2018;368.310766;12;9;2;1;20;0;9;1;10;0;10;0;23;8;15;0;0;0;0;2;21;2;0
7300110000000000330803;2018;640.908859;7;7;0;0;13;0;6;1;7;0;7;0;23;12;11;6;0;0;0;3;20;3;0
7300110000000000330804;2018;460.605017;8;6;2;0;14;0;7;0;7;0;7;0;18;10;8;0;0;0;0;1;17;1;0
7300110000000000330805;2018;3317.320442;62;42;19;1;104;0;47;3;52;0;52;0;152;68;84;43;0;33;0;5;114;2;3
7300110000000000330806;2018;1719.335349;30;17;13;0;50;0;24;0;25;0;25;0;101;45;56;32;0;15;0;6;80;4;2
7300110000000000330807;2018;1522.511468;42;26;16;0;62;0;28;0;31;0;31;0;96;55;41;26;0;10;0;11;75;8;3
7300110000000000330808;2018;1272.399252;22;13;8;1;38;0;19;0;19;0;19;0;59;25;34;24;0;4;0;5;50;5;0
7300110000000000330809;2018;1249.261117;19;11;8;0;30;0;15;0;15;0;15;0;64;34;30;18;0;0;0;1;63;1;0
7300110000000000330813;2018;12939.801995;204;60;139;5;372;0;186;0;186;0;186;0;586;282;304;119;0;171;22;13;380;9;4
7300110000000000330814;2018;4075.414531;51;27;19;5;96;0;42;6;48;0;48;0;127;71;56;34;0;29;0;6;92;5;1
7300110000000000330815;2018;3797.225645;40;13;27;0;72;0;36;0;36;0;36;0;118;55;63;21;0;20;0;1;97;1;0
7300110000000000330816;2018;3638.224819;76;17;39;20;138;0;64;5;67;2;68;1;182;98;84;44;84;37;0;10;51;6;4
7300110000000000330817;2018;3566.905701;55;25;19;11;96;0;43;5;48;0;48;0;117;50;67;36;0;24;0;2;91;2;0
7300110000000000330818;2018;3779.391714;51;23;28;0;96;0;46;1;47;1;48;0;135;66;69;0;46;35;0;8;46;2;6
7300110000000000330819;2018;3976.008190;47;16;29;2;76;0;38;0;38;0;38;0;107;43;64;27;37;28;0;6;36;4;2
7300110000000000330820;2018;14088.610073;112;64;46;2;202;0;101;0;101;0;101;0;347;157;190;69;155;86;5;7;94;5;2
7300110000000000330821;2018;3324.681654;62;32;29;1;102;0;50;1;50;1;50;1;155;62;93;37;61;41;0;2;51;1;1
7300110000000000330822;2018;9516.121618;124;48;72;4;219;1;108;2;107;3;109;1;351;155;196;77;167;75;0;14;95;5;9
7300110000000000330823;2018;643.799566;5;2;2;1;8;0;4;0;4;0;4;0;17;10;7;5;0;0;0;0;17;0;0
7300110000000000330824;2018;1076.622457;24;10;14;0;40;0;20;0;20;0;20;0;70;36;34;14;0;0;0;0;70;0;0
7300110000000000330825;2018;2261.761219;43;22;19;2;76;0;35;0;38;0;38;0;102;48;54;24;0;20;0;5;77;3;2
7300110000000000330826;2018;14053.978045;337;48;289;0;398;0;192;1;199;1;199;1;549;268;281;79;187;185;45;20;112;8;12
7300110000000000330910;2018;7130.068124;98;80;18;0;188;0;92;2;94;0;94;0;300;145;155;66;140;60;0;5;95;2;3
7300110000000000330911;2018;29698.835394;279;265;10;4;550;0;272;3;275;0;275;0;856;418;438;227;0;196;11;24;625;12;12
7300110000000000330913;2018;4706.893358;29;21;6;2;58;0;29;0;29;0;29;0;77;36;41;16;0;24;0;2;51;1;1
7300110000000000330914;2018;4134.982651;29;25;4;0;46;0;23;0;23;0;23;0;68;34;34;12;0;18;0;2;48;0;2
7300110000000000330915;2018;2244.727744;14;7;7;0;26;0;13;0;13;0;13;0;40;19;21;9;0;15;0;1;24;0;1
7300110000000000330916;2018;4587.652465;21;15;6;0;36;0;18;0;18;0;18;0;66;30;36;13;26;15;0;4;21;0;4
7300110000000000330918;2018;3923.686551;11;11;0;0;18;0;9;0;9;0;9;0;32;14;18;0;0;0;0;1;31;0;1
7300110000000000330922;2018;18944.328513;79;73;6;0;146;0;73;0;73;0;73;0;219;100;119;0;92;49;0;7;71;5;2
7300110000000000330923;2018;1772.140704;25;25;0;0;48;0;24;0;24;0;24;0;81;40;41;0;0;20;0;3;58;2;1
7300110000000000330924;2018;1968.652959;32;24;7;1;64;0;32;0;32;0;32;0;97;42;55;30;0;13;0;1;83;1;0
7300110000000000330925;2018;2286.715710;0;0;0;0;0;0;0;0;0;0;0;0;0;0;0;0;0;0;0;0;0;0;0
7300110000000000330926;2018;3034.875189;44;1;43;0;76;0;37;0;38;0;38;0;108;51;57;14;44;39;0;5;20;2;3
7300110000000000330935;2018;16200.906222;214;83;131;0;384;0;188;1;192;0;192;0;580;279;301;92;239;168;0;27;146;9;18
7300110000000000330936;2018;6930.646127;71;14;57;0;124;0;60;1;62;0;62;0;184;84;100;39;61;54;0;6;63;6;0
7300110000000000330937;2018;2756.468554;55;44;9;2;102;0;49;2;51;0;51;0;168;84;84;24;0;51;0;10;107;7;3
7300110000000000330939;2018;2675.663042;50;38;11;1;90;0;43;1;45;0;45;0;170;77;93;32;0;42;0;6;122;2;4
7300110000000000330940;2018;22031.595953;26;21;5;0;44;0;20;2;22;0;22;0;76;37;39;0;0;27;0;2;47;1;1
7300110000000000331101;2018;4098.035399;34;32;2;0;68;1;34;0;34;0;34;0;107;47;60;0;47;37;0;2;21;0;2
7300110000000000331102;2018;1986.140191;42;2;39;1;76;0;38;0;38;0;38;0;100;42;58;9;0;46;10;3;41;2;1
7300110000000000331103;2018;2831.874927;31;22;9;0;54;0;27;0;27;0;27;0;82;40;42;7;0;32;0;2;48;1;1
7300110000000000331104;2018;2644.801033;26;21;4;1;52;0;25;1;26;0;26;0;77;34;43;9;42;21;0;0;14;0;0
7300110000000000331105;2018;1900.172705;22;16;6;0;42;0;21;0;21;0;21;0;61;25;36;5;0;0;11;1;49;1;0
7300110000000000331106;2018;3859.678603;36;33;3;0;64;0;32;0;32;0;32;0;97;45;52;10;27;50;0;1;19;1;0
7300110000000000331107;2018;1699.327513;26;26;0;0;50;0;25;0;25;0;25;0;77;39;38;6;0;30;0;3;44;1;2
7300110000000000331108;2018;1623.841479;27;26;1;0;54;0;27;0;27;0;27;0;95;48;47;0;0;37;0;3;55;1;2
7300110000000000331109;2018;1055.603320;0;0;0;0;0;0;0;0;0;0;0;0;0;0;0;0;0;0;0;0;0;0;0
7300110000000000331110;2018;2864.125636;31;25;6;0;54;0;27;0;27;0;27;0;70;25;45;0;0;34;0;2;34;1;1
7300110000000000331111;2018;2772.411920;32;24;8;0;64;0;28;3;32;0;32;0;100;55;45;0;0;31;0;10;59;1;9
7300110000000000331112;2018;2062.515838;17;16;1;0;34;0;17;0;17;0;17;0;53;25;28;0;0;18;10;0;25;0;0
7300110000000000331113;2018;1647.539157;31;27;3;1;60;0;30;0;30;0;30;0;75;35;40;0;0;38;0;1;36;1;0
7300110000000000331114;2018;3979.956430;32;20;12;0;62;0;31;0;31;0;31;0;102;39;63;0;39;29;0;6;28;3;3
7300110000000000331115;2018;2993.091192;38;36;2;0;68;0;34;0;34;0;34;0;100;43;57;18;0;39;0;2;59;1;1
7300110000000000331120;2018;6617.373508;79;74;5;0;142;0;68;2;71;0;71;0;199;78;121;24;67;81;0;8;43;3;5
7300110000000000331121;2018;2952.340658;30;26;4;0;58;0;29;0;29;0;29;0;99;43;56;11;29;39;0;3;28;2;1
7300110000000000331122;2018;2061.180665;21;21;0;0;38;0;19;0;19;0;19;0;63;30;33;0;0;30;0;3;30;2;1
7300110000000000331124;2018;2650.905799;23;23;0;0;40;0;20;0;20;0;20;0;63;29;34;13;0;22;0;1;40;0;1
7300110000000000331125;2018;4931.052174;66;49;17;0;100;0;49;0;50;0;50;0;131;59;72;21;0;56;0;2;73;0;2
7300110000000000331126;2018;1891.397992;32;18;14;0;56;0;26;2;28;0;28;0;96;46;50;0;0;24;0;0;72;0;0
7300110000000000331129;2018;13732.260835;221;4;216;1;344;0;170;0;172;0;172;0;419;177;242;66;118;170;40;9;82;5;4
7300110000000000331132;2018;17596.351365;0;0;0;0;0;0;0;0;0;0;0;0;0;0;0;0;0;0;0;0;0;0;0
7300110000000000340207;2018;525251.809958;63;37;20;5;124;0;43;16;54;8;62;0;157;74;83;0;0;24;0;31;102;4;27
7300110000000000340212;2018;398773.505001;258;10;248;0;150;0;70;5;73;2;75;0;183;84;99;24;0;55;0;8;120;4;4
7300110000000000530419;2018;1233.610851;25;18;7;0;46;0;22;1;23;0;23;0;72;30;42;0;0;15;0;1;56;0;1
7300110000000000530430;2018;9007.368732;0;0;0;0;0;0;0;0;0;0;0;0;0;0;0;0;0;0;0;0;0;0;0
7300110000000000560103;2018;1217.923141;18;2;16;0;32;0;16;0;16;0;16;0;54;23;31;22;0;6;0;0;48;0;0
7300110000000000560104;2018;491.703207;8;2;6;0;16;0;7;1;8;0;8;0;25;14;11;0;0;0;0;0;25;0;0
7300110000000000560105;2018;863.569110;18;8;10;0;30;0;15;0;15;0;15;0;58;28;30;0;0;7;0;0;51;0;0
7300110000000000560106;2018;572.087089;0;0;0;0;0;0;0;0;0;0;0;0;0;0;0;0;0;0;0;0;0;0;0
7300110000000000560107;2018;670.655353;7;3;4;0;14;0;7;0;7;0;7;0;24;10;14;0;0;10;0;1;13;1;0
7300110000000000560109;2018;4276.450352;32;30;2;0;58;0;28;0;29;0;29;0;90;40;50;0;0;26;0;6;58;6;0
7300110000000000560110;2018;1360.752542;24;22;1;1;38;0;19;0;19;0;19;0;63;33;30;15;0;17;0;2;44;0;2
7300110000000000560112;2018;1547.051584;21;20;1;0;34;0;17;0;17;0;17;0;61;24;37;13;0;23;0;0;38;0;0
7300110000000000560117;2018;11165.768299;128;85;37;6;250;0;125;0;125;0;125;0;387;184;203;95;0;94;0;17;276;6;11
7300110000000000560122;2018;5051.081877;29;9;19;1;52;0;25;0;26;0;26;0;78;39;39;24;0;8;0;4;66;2;2
7300110000000000560128;2018;1136.529364;51;41;9;1;88;0;44;0;44;0;44;0;153;73;80;20;0;48;0;4;101;2;2
7300110000000000560129;2018;1198.559852;28;12;16;0;52;0;26;0;26;0;26;0;87;43;44;17;0;16;0;3;68;2;1
7300110000000000560130;2018;1169.767505;18;10;8;0;36;0;18;0;18;0;18;0;62;24;38;0;0;6;0;3;53;0;3
7300110000000000560131;2018;1240.995546;32;12;20;0;54;0;27;0;27;0;27;0;94;49;45;31;0;17;0;1;76;0;1
7300110000000000560134;2018;48325.611666;0;0;0;0;0;0;0;0;0;0;0;0;0;0;0;0;0;0;0;0;0;0;0
7300110000000000560135;2018;1268.263658;23;17;6;0;38;0;19;0;19;0;19;0;67;28;39;0;0;14;0;2;51;0;2
7300110000000000560136;2018;869.870440;19;17;2;0;34;0;17;0;17;0;17;0;55;27;28;0;0;7;0;2;46;1;1
7300110000000000560137;2018;1169.609687;37;24;12;1;64;0;32;0;32;0;32;0;110;57;53;32;0;22;0;1;87;0;1
7300110000000000560138;2018;859.013591;12;6;6;0;24;0;12;0;12;0;12;0;36;15;21;19;0;5;0;2;29;0;2
7300110000000000560139;2018;117632.289214;13;3;0;10;26;0;13;0;13;0;13;0;19;15;4;0;0;0;0;0;19;0;0
7300110000000000560140;2018;1147.894309;29;15;14;0;50;0;25;0;25;0;25;0;78;36;42;11;0;18;0;0;60;0;0
7300110000000000560141;2018;1716.067145;23;21;2;0;40;0;20;0;20;0;20;0;71;33;38;0;0;17;0;1;53;1;0
7300110000000000560142;2018;2172.849802;13;5;7;1;24;0;11;1;12;0;12;0;38;17;21;7;0;3;0;0;35;0;0
7300110000000000560143;2018;5903.738249;0;0;0;0;0;0;0;0;0;0;0;0;0;0;0;0;0;0;0;0;0;0;0
7300110000000000560145;2018;375443.335396;5;2;1;2;9;2;2;3;5;0;5;0;10;6;4;0;0;0;0;2;8;1;1
7300110000000000560146;2018;6292.196062;46;46;0;0;76;0;34;1;38;0;38;0;105;49;56;19;0;47;7;2;49;0;2
7300110000000000560147;2018;41693.366065;19;19;0;0;34;0;2;14;2;15;15;2;49;21;28;14;0;0;0;4;45;3;1
7300110000000000560148;2018;16567.624433;0;0;0;0;0;0;0;0;0;0;0;0;0;0;0;0;0;0;0;0;0;0;0
7300110000000000560149;2018;839.343037;10;3;6;0;20;0;9;1;10;0;10;0;38;15;23;8;0;0;0;4;34;4;0
7300110000000000560150;2018;689.337146;11;5;6;0;20;0;9;1;10;0;10;0;26;12;14;8;0;0;0;0;26;0;0
7300110000000000560151;2018;604.301824;9;4;4;1;18;0;7;2;9;0;9;0;33;14;19;0;0;0;0;4;29;4;0
7300110000000000560152;2018;958.446812;25;21;4;0;38;0;19;0;19;0;19;0;46;22;24;0;19;20;0;1;6;0;1
7300110000000000560153;2018;728.502016;15;12;3;0;26;0;13;0;13;0;13;0;48;23;25;0;0;15;0;2;31;1;1
7300110000000000560154;2018;592.998656;12;9;3;0;24;0;12;0;12;0;12;0;42;15;27;10;0;10;0;1;31;0;1
7300110000000000560155;2018;575.668705;0;0;0;0;0;0;0;0;0;0;0;0;0;0;0;0;0;0;0;0;0;0;0
7300110000000000560156;2018;1223.643811;31;26;5;0;44;0;21;1;21;1;22;0;64;28;36;0;0;0;0;0;64;0;0
7300110000000000560157;2018;798.986449;21;21;0;0;34;0;17;0;17;0;17;0;47;24;23;6;0;15;0;1;31;0;1
7300110000000000560158;2018;670.059695;15;15;0;0;28;1;14;0;14;0;14;0;44;20;24;0;0;18;0;2;24;0;2
7300110000000000560159;2018;1152.804207;0;0;0;0;0;0;0;0;0;0;0;0;0;0;0;0;0;0;0;0;0;0;0
7300110000000000560160;2018;602.920994;13;13;0;0;22;0;11;0;11;0;11;0;31;13;18;0;0;0;0;0;31;0;0
7300110000000000560161;2018;1190.201890;29;28;1;0;42;0;21;0;21;0;21;0;72;28;44;11;0;17;0;0;55;0;0
7300110000000000560162;2018;1375.383316;31;30;1;0;54;0;25;0;27;0;27;0;81;29;52;17;0;25;0;0;56;0;0
7300110000000000560163;2018;473.613608;10;10;0;0;18;0;9;0;9;0;9;0;28;12;16;0;17;4;0;0;7;0;0
7300110000000000560164;2018;1188.252400;15;12;3;0;28;0;14;0;14;0;14;0;46;19;27;13;0;9;0;3;34;2;1
7300110000000000560165;2018;665.616447;21;12;8;1;32;0;15;0;16;0;16;0;50;26;24;0;0;7;0;3;40;0;3
7300110000000000560166;2018;1228.805411;24;13;9;2;42;0;20;1;21;0;21;0;70;32;38;0;0;14;0;1;55;1;0
7300110000000000560167;2018;522.062357;14;8;6;0;24;0;12;0;12;0;12;0;41;19;22;0;0;8;0;0;33;0;0
7300110000000000560168;2018;1954.215300;31;27;2;2;52;0;26;0;26;0;26;0;90;42;48;19;40;20;0;2;28;2;0
7300110000000000560169;2018;2298.780813;8;6;2;0;16;0;8;0;8;0;8;0;20;10;10;4;0;0;0;0;20;0;0
7300110000000000560170;2018;464.853107;12;5;7;0;14;0;7;0;7;0;7;0;23;10;13;5;0;5;0;0;18;0;0
7300110000000000560171;2018;610.292815;33;24;9;0;66;0;24;0;33;0;33;0;74;34;40;10;0;6;0;27;41;0;27
7300110000000000560172;2018;58.290387;0;0;0;0;0;0;0;0;0;0;0;0;0;0;0;0;0;0;0;0;0;0;0
7300110000000000560173;2018;287.630054;7;5;2;0;10;0;5;0;5;0;5;0;12;7;5;0;0;0;0;0;12;0;0
7300110000000000560174;2018;450.941345;8;3;5;0;16;0;8;0;8;0;8;0;25;12;13;0;0;0;0;0;25;0;0
7300110000000000560175;2018;8848.039884;0;0;0;0;0;0;0;0;0;0;0;0;0;0;0;0;0;0;0;0;0;0;0
7300110000000000560176;2018;1155.793454;0;0;0;0;0;0;0;0;0;0;0;0;0;0;0;0;0;0;0;0;0;0;0
7300110000000000560177;2018;780.286106;0;0;0;0;0;0;0;0;0;0;0;0;0;0;0;0;0;0;0;0;0;0;0
7300110000000000560178;2018;1787.794859;0;0;0;0;0;0;0;0;0;0;0;0;0;0;0;0;0;0;0;0;0;0;0
7300110000000000560179;2018;9479.269249;19;10;9;0;30;0;15;0;15;0;15;0;44;23;21;12;15;11;0;2;16;0;2
7300110000000000560180;2018;1847.201633;9;9;0;0;18;0;9;0;9;0;9;0;32;16;16;4;0;8;0;0;24;0;0
7300110000000000560181;2018;334.083335;26;19;6;1;52;1;18;1;26;0;26;0;62;26;36;0;0;8;0;34;20;0;34
7300110000000000560182;2018;593.297264;27;6;21;0;48;0;15;0;24;0;24;0;55;21;34;0;18;8;0;13;16;0;13
7300110000000000560183;2018;1274.630540;51;34;17;0;98;0;39;1;48;1;49;0;101;43;58;17;0;19;0;30;52;1;29
7300110000000000560184;2018;11122.252672;10;8;2;0;20;1;10;0;10;0;10;0;24;13;11;0;0;11;0;4;9;2;2
7300110000000000560185;2018;6772.862895;0;0;0;0;0;0;0;0;0;0;0;0;0;0;0;0;0;0;0;0;0;0;0
7300110000000000560701;2018;3198.763295;27;26;1;0;52;0;25;0;26;0;26;0;84;41;43;0;0;28;9;5;42;3;2
7300110000000000560703;2018;951.149811;11;11;0;0;16;0;7;0;8;0;8;0;21;9;12;0;0;0;0;0;21;0;0
7300110000000000560704;2018;2447.959439;27;22;5;0;48;0;23;0;24;0;24;0;87;44;43;12;0;34;0;1;52;0;1
7300110000000000560705;2018;6378.354358;0;0;0;0;0;0;0;0;0;0;0;0;0;0;0;0;0;0;0;0;0;0;0
7300110000000000560706;2018;2446.070152;21;21;0;0;38;1;19;0;19;0;19;0;63;28;35;0;0;0;4;0;59;0;0
7300110000000000560709;2018;3315.939220;40;31;9;0;66;0;33;0;33;0;33;0;96;51;45;13;28;37;0;2;29;1;1
7300110000000000560710;2018;928.983551;14;13;1;0;14;0;7;0;7;0;7;0;27;13;14;0;0;4;0;4;19;3;1
7300110000000000560711;2018;3261.197505;44;43;1;0;70;0;35;1;36;0;36;0;120;58;62;12;0;40;14;5;61;4;1
7300110000000000560712;2018;937.275032;10;10;0;0;18;0;9;0;9;0;9;0;32;17;15;0;0;15;0;1;16;0;1
7300110000000000560713;2018;3546.370890;33;32;1;0;63;0;32;0;32;0;32;0;97;47;50;19;0;0;0;2;95;2;0
7300110000000000560714;2018;666.295944;13;5;8;0;22;0;8;2;11;0;11;0;27;11;16;0;0;0;0;0;27;0;0
7300110000000000560717;2018;2022.657526;82;4;77;1;154;0;75;2;77;0;77;0;202;79;123;30;0;79;19;7;97;1;6
7300110000000000560718;2018;2420.448242;52;8;44;0;94;0;46;0;47;0;47;0;117;52;65;0;0;35;12;3;67;3;0
7300110000000000560719;2018;3272.705930;65;0;64;0;92;0;43;1;46;0;46;0;115;48;67;17;0;37;0;1;77;1;0
7300110000000000560802;2018;3017.145041;30;26;4;0;46;0;23;0;23;0;23;0;68;33;35;0;36;22;0;1;9;1;0
7300110000000000560803;2018;3307.410056;39;33;6;0;68;0;33;0;34;0;34;0;108;55;53;13;0;48;10;1;49;0;1
7300110000000000560805;2018;846.285718;15;11;2;2;28;0;13;0;14;0;14;0;38;17;21;0;0;15;0;0;23;0;0
7300110000000000560807;2018;2452.483929;19;19;0;0;38;0;19;0;19;0;19;0;66;27;39;8;14;22;14;3;13;3;0
7300110000000000560808;2018;2079.223342;98;2;92;4;148;0;68;5;74;0;74;0;182;82;100;0;46;95;0;1;40;0;1
7300110000000000560809;2018;1001.554144;11;11;0;0;22;0;11;0;11;0;11;0;26;8;18;0;0;0;0;2;24;2;0
7300110000000000560811;2018;3355.194538;37;35;2;0;70;0;35;0;35;0;35;0;120;57;63;11;36;50;0;4;30;3;1
7300110000000000560812;2018;3409.428979;40;36;2;2;68;0;34;0;34;0;34;0;107;54;53;13;0;38;0;0;69;0;0
7300110000000000560813;2018;2844.963821;37;34;3;0;64;0;30;1;32;0;32;0;88;37;51;0;0;38;0;3;47;0;3
7300110000000000560814;2018;2573.504304;22;21;1;0;42;0;20;0;21;0;21;0;57;24;33;0;0;22;0;1;34;0;1
7300110000000000560816;2018;975.738890;10;10;0;0;16;0;7;0;8;0;8;0;19;7;12;2;0;0;0;0;19;0;0
7300110000000000560817;2018;951.368759;11;9;0;2;16;0;8;0;8;0;8;0;16;8;8;0;0;0;0;0;16;0;0
7300110000000000560819;2018;3587.278597;37;36;0;1;62;0;31;0;31;0;31;0;89;44;45;0;25;40;0;1;23;0;1
7300110000000000560820;2018;3329.236027;36;34;2;0;58;0;29;0;29;0;29;0;90;40;50;15;0;41;0;2;47;1;1
7300110000000000560821;2018;3289.888246;32;32;0;0;56;0;28;0;28;0;28;0;97;40;57;12;0;32;0;1;64;1;0
7300110000000000560822;2018;65496.780524;0;0;0;0;0;0;0;0;0;0;0;0;0;0;0;0;0;0;0;0;0;0;0
7300110000000000560823;2018;3239.105120;34;34;0;0;58;0;29;0;29;0;29;0;97;43;54;14;24;45;0;4;24;4;0
7300110000000000560824;2018;75594.277954;4;3;0;1;8;0;1;3;3;1;4;0;9;5;4;0;0;0;0;2;7;0;2
7300110000000000560825;2018;1568.804951;80;1;78;1;116;0;57;0;58;0;58;0;146;64;82;24;44;54;0;2;46;2;0
7300110000000000560828;2018;671.377997;12;10;2;0;24;0;12;0;12;0;12;0;41;18;23;0;0;0;0;0;41;0;0
7300110000000000560829;2018;1196.752339;20;19;1;0;36;0;18;0;18;0;18;0;54;24;30;13;0;11;0;2;41;2;0
7300110000000000560830;2018;1366.877377;66;1;62;3;112;0;54;0;56;0;56;0;149;71;78;26;44;61;0;1;43;1;0
7300110000000000580102;2018;1446.980296;38;36;0;2;66;0;33;0;33;0;33;0;95;44;51;27;0;17;0;0;78;0;0
7300110000000000580103;2018;1412.437887;33;11;22;0;62;0;30;1;30;1;31;0;88;46;42;30;0;12;0;1;75;1;0
7300110000000000580104;2018;1450.021374;42;34;6;2;70;0;35;0;35;0;35;0;98;40;58;22;0;18;0;1;79;1;0
7300110000000000580105;2018;1485.447719;36;35;1;0;66;0;31;1;33;0;33;0;105;48;57;0;0;24;0;8;73;3;5
7300110000000000580106;2018;1157.692394;34;26;6;2;64;0;32;0;32;0;32;0;84;40;44;18;0;24;0;3;57;1;2
7300110000000000580107;2018;1105.383193;28;27;1;0;54;0;27;0;25;2;27;0;87;40;47;17;0;17;0;3;67;2;1
7300110000000000580108;2018;1033.966872;29;20;8;1;44;0;22;0;22;0;22;0;69;32;37;10;40;13;0;1;15;1;0
7300110000000000580109;2018;797.652786;19;17;2;0;38;0;19;0;19;0;19;0;55;26;29;22;0;8;0;1;46;1;0
7300110000000000580110;2018;671.044803;16;14;2;0;30;0;15;0;15;0;15;0;64;28;36;0;0;10;0;2;52;2;0
7300110000000000580111;2018;655.790280;12;12;0;0;24;0;12;0;12;0;12;0;41;21;20;10;0;13;0;0;28;0;0
7300110000000000580112;2018;713.765310;16;15;1;0;26;0;12;1;13;0;13;0;43;19;24;8;0;0;0;1;42;1;0
7300110000000000580113;2018;557.935848;14;11;3;0;16;0;7;1;7;1;8;0;24;12;12;0;0;6;0;1;17;1;0
7300110000000000580130;2018;28401.635337;0;0;0;0;0;0;0;0;0;0;0;0;0;0;0;0;0;0;0;0;0;0;0
7300110000000000580219;2018;48734.129439;0;0;0;0;0;0;0;0;0;0;0;0;0;0;0;0;0;0;0;0;0;0;0
7300110000000000580301;2018;717.829836;10;10;0;0;18;0;9;0;9;0;9;0;35;17;18;0;0;0;0;0;35;0;0
7300110000000000580302;2018;931.399544;16;10;5;1;28;0;14;0;14;0;14;0;38;18;20;0;0;6;0;2;30;2;0
7300110000000000580303;2018;1280.436051;17;16;0;1;29;0;10;5;13;2;13;2;57;27;30;0;0;9;0;1;47;1;0
7300110000000000580304;2018;1068.243465;19;14;4;1;38;0;19;0;19;0;19;0;48;15;33;11;0;15;0;0;33;0;0
7300110000000000580305;2018;1128.423544;20;16;4;0;36;0;18;0;18;0;18;0;66;31;35;13;0;13;0;5;48;1;4
7300110000000000580306;2018;925.633504;14;12;2;0;22;0;11;0;11;0;11;0;35;11;24;7;0;11;0;1;23;0;1
7300110000000000580307;2018;754.230450;14;10;4;0;24;0;12;0;12;0;12;0;36;13;23;10;0;0;0;0;36;0;0
7300110000000000580308;2018;799.642757;11;9;2;0;20;0;10;0;10;0;10;0;33;14;19;0;0;4;0;3;26;3;0
7300110000000000580309;2018;1001.031341;15;14;1;0;28;0;13;0;14;0;14;0;47;23;24;0;0;11;0;3;33;2;1
7300110000000000580310;2018;860.024428;14;11;3;0;26;0;13;0;13;0;13;0;42;20;22;17;0;4;0;0;38;0;0
7300110000000000580311;2018;973.664776;14;9;5;0;24;0;12;0;12;0;12;0;25;10;15;8;0;0;0;0;25;0;0
7300110000000000580312;2018;958.987170;12;11;1;0;24;0;12;0;12;0;12;0;37;18;19;11;0;9;0;0;28;0;0
7300110000000000580313;2018;982.979893;16;15;1;0;28;0;14;0;14;0;14;0;38;18;20;9;0;10;0;2;26;1;1
7300110000000000580314;2018;1024.974509;16;15;1;0;26;0;13;0;13;0;13;0;42;22;20;0;0;9;0;0;33;0;0
7300110000000000580315;2018;2179.635476;0;0;0;0;0;0;0;0;0;0;0;0;0;0;0;0;0;0;0;0;0;0;0
7300110000000000580325;2018;982.275591;0;0;0;0;0;0;0;0;0;0;0;0;0;0;0;0;0;0;0;0;0;0;0
7300110000000000580329;2018;34462.316309;11;11;0;0;22;0;1;10;5;6;8;3;40;20;20;14;0;4;0;3;33;1;2
7300110000000000580401;2018;1077.011697;15;15;0;0;28;0;14;0;14;0;14;0;45;19;26;10;0;0;0;2;43;1;1
7300110000000000580402;2018;1077.321474;18;15;3;0;36;0;18;0;18;0;17;1;60;28;32;0;0;8;0;4;48;3;1
7300110000000000580403;2018;1110.687976;19;16;3;0;38;0;17;2;19;0;19;0;56;30;26;20;0;6;0;6;44;5;1
7300110000000000580404;2018;1088.549318;18;11;6;1;36;0;18;0;18;0;18;0;55;28;27;0;0;4;0;3;48;3;0
7300110000000000580405;2018;1507.726326;32;16;14;2;60;0;29;1;30;0;30;0;79;34;45;0;0;0;0;0;79;0;0
7300110000000000580406;2018;1604.702792;18;17;1;0;36;0;18;0;18;0;18;0;56;29;27;0;0;9;0;0;47;0;0
7300110000000000580407;2018;1514.124148;26;21;4;1;50;0;25;0;25;0;25;0;77;41;36;0;36;0;0;7;34;6;1
7300110000000000580408;2018;1554.505851;28;21;6;1;52;0;24;2;26;0;26;0;79;37;42;0;39;14;0;3;23;3;0
7300110000000000580409;2018;1536.254604;29;20;9;0;50;0;25;0;25;0;25;0;71;30;41;17;31;9;0;4;27;3;1
7300110000000000580410;2018;1559.157241;30;26;4;0;56;0;26;2;28;0;28;0;86;38;48;26;0;23;0;2;61;1;1
7300110000000000580411;2018;1526.252678;24;23;0;1;38;0;19;0;19;0;19;0;72;42;30;24;0;16;0;3;53;3;0
7300110000000000580412;2018;1549.229606;29;6;23;0;44;0;22;0;22;0;22;0;67;28;39;0;0;19;0;1;47;1;0
7300110000000000580501;2018;1367.183822;29;8;20;1;52;0;26;0;26;0;26;0;88;41;47;33;0;0;0;4;84;3;1
7300110000000000580502;2018;1368.350896;22;20;1;1;44;0;22;0;22;0;22;0;73;34;39;0;0;0;0;2;71;1;1
7300110000000000580503;2018;1292.386554;22;16;6;0;24;0;12;0;12;0;12;0;52;27;25;0;0;0;0;4;48;4;0
7300110000000000580504;2018;916.955869;8;8;0;0;12;0;6;0;6;0;6;0;19;10;9;0;0;0;0;0;19;0;0
7300110000000000580505;2018;1191.387235;37;33;1;3;66;0;33;0;33;0;33;0;102;46;56;0;0;0;0;5;97;5;0
7300110000000000580506;2018;1269.073907;34;31;1;2;60;0;29;0;30;0;30;0;93;42;51;27;49;7;0;2;35;2;0
7300110000000000580507;2018;1282.655721;15;13;2;0;22;0;11;0;11;0;11;0;29;14;15;7;0;4;0;1;24;0;1
7300110000000000580523;2018;9194.427254;22;7;0;1;30;1;0;21;5;16;6;15;55;29;26;0;0;0;0;3;52;3;0
7300110000000000580734;2018;21377.490879;0;0;0;0;0;0;0;0;0;0;0;0;0;0;0;0;0;0;0;0;0;0;0
7300110000000000580735;2018;33253.515629;0;0;0;0;0;0;0;0;0;0;0;0;0;0;0;0;0;0;0;0;0;0;0
7300110000000000590101;2018;2164.290613;41;38;3;0;78;0;38;1;39;0;39;0;127;60;67;37;56;19;0;5;47;4;1
7300110000000000590102;2018;2093.311414;37;37;0;0;68;0;34;0;34;0;34;0;121;59;62;0;60;21;0;1;39;1;0
7300110000000000590103;2018;2123.431979;35;32;2;1;68;0;32;2;34;0;34;0;108;51;57;37;0;17;0;2;89;2;0
7300110000000000590104;2018;2205.754710;59;59;0;0;112;0;55;1;56;0;56;0;168;76;92;58;0;0;0;6;162;1;5
7300110000000000590105;2018;2132.770150;65;64;1;0;112;0;55;1;56;0;56;0;197;103;94;70;0;17;0;7;173;7;0
7300110000000000590106;2018;3022.784930;52;50;2;0;96;0;47;0;48;0;48;0;166;84;82;38;0;29;0;3;134;3;0
7300110000000000590107;2018;2200.807820;57;55;2;0;96;0;45;1;48;0;48;0;147;67;80;49;0;18;0;6;123;4;2
7300110000000000590110;2018;1392.484383;40;40;0;0;64;0;32;0;32;0;32;0;96;43;53;32;0;15;0;0;81;0;0
7300110000000000590111;2018;2247.361937;50;48;1;1;96;0;47;1;47;1;48;0;141;73;68;38;60;29;0;1;51;1;0
7300110000000000590112;2018;1390.233509;22;22;0;0;39;0;20;0;20;0;20;0;64;30;34;0;0;10;0;1;53;1;0
7300110000000000590114;2018;2076.209068;51;51;0;0;92;0;46;0;46;0;46;0;143;73;70;55;0;0;0;8;135;8;0
7300110000000000590117;2018;6044.874661;0;0;0;0;0;0;0;0;0;0;0;0;0;0;0;0;0;0;0;0;0;0;0
7300110000000000590118;2018;1737.625074;27;1;26;0;54;0;27;0;27;0;27;0;91;48;43;34;0;6;0;5;80;5;0
7300110000000000590119;2018;1755.201610;34;21;8;5;68;0;30;4;34;0;34;0;86;41;45;29;0;14;0;5;67;5;0
7300110000000000590120;2018;1782.108644;26;0;26;0;52;0;26;0;26;0;26;0;88;42;46;23;0;0;0;8;80;8;0
7300110000000000590121;2018;1733.867098;32;24;7;1;62;0;31;0;31;0;31;0;107;49;58;28;0;0;0;5;102;4;1
7300110000000000590122;2018;1154.812175;30;17;10;3;58;0;29;0;29;0;29;0;90;42;48;34;0;6;0;4;80;1;3
7300110000000000590123;2018;746.016409;17;11;6;0;34;0;15;0;17;0;17;0;40;23;17;0;0;0;0;4;36;1;3
7300110000000000590124;2018;251.255143;0;0;0;0;0;0;0;0;0;0;0;0;0;0;0;0;0;0;0;0;0;0;0
7300110000000000590125;2018;467.929890;15;8;2;5;30;0;15;0;15;0;15;0;36;20;16;0;0;0;0;3;33;2;1
7300110000000000590126;2018;901.715425;14;9;2;3;28;0;12;2;14;0;14;0;40;20;20;16;0;5;0;0;35;0;0
7300110000000000590128;2018;281.866107;0;0;0;0;0;0;0;0;0;0;0;0;0;0;0;0;0;0;0;0;0;0;0
7300110000000000590201;2018;1511.513410;32;31;1;0;56;0;26;1;28;0;28;0;74;36;38;23;27;19;0;0;28;0;0
7300110000000000590202;2018;2120.638772;59;57;2;0;106;0;50;0;53;0;53;0;138;71;67;29;0;40;0;4;94;0;4
7300110000000000590203;2018;2345.030355;43;11;25;7;78;0;37;0;39;0;39;0;125;68;57;26;0;24;0;4;97;1;3
7300110000000000590204;2018;2703.785791;47;28;18;1;90;0;45;0;45;0;45;0;144;72;72;39;0;26;0;4;114;4;0
7300110000000000590205;2018;3454.514578;0;0;0;0;0;0;0;0;0;0;0;0;0;0;0;0;0;0;0;0;0;0;0
7300110000000000590206;2018;2862.425881;76;46;25;5;138;0;69;0;69;0;69;0;203;100;103;60;95;28;0;8;72;8;0
7300110000000000590207;2018;2806.485024;64;44;17;3;112;0;56;0;56;0;56;0;159;72;87;36;74;38;0;5;42;3;2
7300110000000000590208;2018;2875.897220;73;68;5;0;140;0;66;1;70;0;70;0;202;89;113;45;0;41;0;5;156;1;4
7300110000000000590209;2018;3256.637141;68;64;4;0;122;0;56;1;61;0;61;0;137;69;68;36;0;33;0;1;103;0;1
7300110000000000590210;2018;1964.540049;47;30;12;5;92;0;46;0;46;0;46;0;139;61;78;29;59;33;0;3;44;1;2
7300110000000000590211;2018;689.453829;13;10;3;0;22;0;11;0;11;0;11;0;37;19;18;0;0;0;0;0;37;0;0
7300110000000000590212;2018;716.868511;15;8;6;1;30;0;14;1;15;0;15;0;39;18;21;10;0;11;0;0;28;0;0
7300110000000000590213;2018;754.067128;0;0;0;0;0;0;0;0;0;0;0;0;0;0;0;0;0;0;0;0;0;0;0
7300110000000000590214;2018;766.612650;19;8;7;4;36;0;18;0;18;0;18;0;48;24;24;0;0;0;0;3;45;3;0
7300110000000000590215;2018;724.131168;12;5;6;1;22;0;11;0;11;0;11;0;32;17;15;0;0;0;0;0;32;0;0
7300110000000000590216;2018;636.248110;11;6;5;0;22;0;10;1;11;0;11;0;27;15;12;0;0;5;0;1;21;1;0
7300110000000000590217;2018;2461.789038;48;23;22;3;88;0;44;0;44;0;44;0;134;51;83;0;0;34;0;2;98;1;1
7300110000000000590218;2018;2459.577774;37;37;0;0;58;0;28;0;29;0;29;0;127;62;65;42;0;16;0;3;108;2;1
7300110000000000590219;2018;2532.968542;41;41;0;0;74;0;37;0;37;0;37;0;152;70;82;37;0;31;0;3;118;3;0
7300110000000000590220;2018;2244.378383;0;0;0;0;0;0;0;0;0;0;0;0;0;0;0;0;0;0;0;0;0;0;0
7300110000000000590221;2018;2449.702589;61;31;30;0;100;0;50;0;50;0;50;0;136;62;74;35;0;33;0;2;101;1;1
7300110000000000590222;2018;2506.355184;68;20;45;3;122;0;61;0;61;0;61;0;180;86;94;33;68;50;0;4;58;2;2
7300110000000000590223;2018;2518.169374;52;48;4;0;102;0;51;0;51;0;51;0;183;93;90;42;87;35;0;7;54;6;1
7300110000000000590224;2018;2732.983939;49;47;2;0;96;0;47;1;48;0;48;0;135;72;63;27;0;38;0;2;95;1;1
7300110000000000590301;2018;1239.862491;22;22;0;0;42;0;21;0;21;0;21;0;68;34;34;24;0;6;0;1;61;1;0
7300110000000000590302;2018;1157.116260;15;15;0;0;26;0;12;1;13;0;13;0;35;15;20;0;0;0;0;3;32;3;0
7300110000000000590303;2018;1326.181061;25;24;1;0;42;0;21;0;21;0;21;0;74;35;39;13;0;13;0;9;52;2;7
7300110000000000590304;2018;1161.849157;24;24;0;0;46;0;23;0;23;0;23;0;76;42;34;27;0;0;0;1;75;1;0
7300110000000000590305;2018;1146.336801;26;18;8;0;52;0;26;0;26;0;26;0;71;35;36;0;0;16;0;1;54;1;0
7300110000000000590306;2018;1232.719063;36;18;15;3;72;0;30;6;36;0;36;0;105;47;58;33;43;13;0;9;40;8;1
7300110000000000590307;2018;1096.132244;33;26;4;3;58;0;28;0;29;0;29;0;84;45;39;23;0;13;0;1;70;1;0
7300110000000000590308;2018;1282.002302;29;27;1;1;58;1;29;0;29;0;29;0;90;39;51;26;0;12;0;3;75;3;0
7300110000000000590310;2018;1306.690929;30;21;5;4;58;0;29;0;29;0;29;0;67;31;36;0;0;0;0;1;66;1;0
7300110000000000590311;2018;1336.307594;25;25;0;0;38;0;19;0;19;0;19;0;58;27;31;0;0;0;0;1;57;0;1
7300110000000000590312;2018;1153.167407;29;28;0;1;54;0;26;1;27;0;27;0;82;39;43;26;35;14;0;1;32;1;0
7300110000000000590313;2018;1148.842633;17;16;0;1;30;0;15;0;15;0;15;0;46;24;22;0;0;3;0;2;41;1;1
7300110000000000590314;2018;1155.603718;18;18;0;0;32;0;16;0;16;0;16;0;64;34;30;23;0;5;0;4;55;3;1
7300110000000000590315;2018;5509.381601;136;134;1;1;178;2;70;19;89;0;88;1;290;155;135;131;0;7;0;12;271;12;0
7300110000000000590318;2018;979.967524;26;15;8;0;46;0;21;3;22;2;22;2;65;32;33;0;0;5;0;5;55;5;0
7300110000000000590401;2018;9543.908939;31;24;7;0;58;1;29;0;29;0;29;0;81;38;43;13;0;26;0;0;55;0;0
7300110000000000590402;2018;2807.167985;39;35;4;0;78;0;38;1;39;0;39;0;118;59;59;0;0;26;0;1;91;0;1
7300110000000000590403;2018;3300.027380;4;3;1;0;8;0;3;1;4;0;4;0;12;8;4;0;0;5;0;0;7;0;0
7300110000000000590404;2018;1752.635585;29;28;1;0;56;0;28;0;28;0;28;0;89;42;47;23;0;13;0;2;74;2;0
7300110000000000590405;2018;1969.733187;27;21;6;0;50;0;25;0;25;0;25;0;82;41;41;19;0;14;0;2;66;0;2
7300110000000000590406;2018;2646.818095;56;56;0;0;104;0;52;0;52;0;52;0;155;81;74;34;0;28;0;0;127;0;0
7300110000000000590407;2018;2786.966782;52;50;1;1;102;0;50;0;51;0;51;0;161;72;89;52;0;28;0;4;129;3;1
7300110000000000590409;2018;3218.170499;39;34;5;0;72;0;34;1;36;0;36;0;107;54;53;0;0;37;0;4;66;3;1
7300110000000000590410;2018;3034.152421;46;46;0;0;84;0;42;0;42;0;42;0;122;56;66;0;0;38;0;4;80;2;2
7300110000000000590411;2018;3199.370683;41;34;7;0;72;0;35;1;36;0;36;0;124;54;70;20;0;30;0;5;89;2;3
7300110000000000590412;2018;3524.079307;98;91;3;4;194;0;97;0;97;0;97;0;310;150;160;77;0;67;0;3;240;3;0
7300110000000000590413;2018;2993.294443;0;0;0;0;0;0;0;0;0;0;0;0;0;0;0;0;0;0;0;0;0;0;0
7300110000000000590414;2018;7356.198661;29;23;6;0;50;0;25;0;25;0;25;0;77;39;38;0;0;16;0;4;57;3;1
7300110000000000590415;2018;2043.648282;22;20;2;0;44;0;22;0;21;1;22;0;65;31;34;0;25;19;0;2;19;1;1
7300110000000000590505;2018;880.778770;13;13;0;0;25;0;11;2;13;0;12;1;46;17;29;0;0;0;0;4;42;3;1
7300110000000000590506;2018;969.746393;12;12;0;0;24;0;12;0;12;0;12;0;40;21;19;16;0;0;0;2;38;2;0
7300110000000000590522;2018;1282.938323;24;23;0;1;48;0;24;0;24;0;24;0;92;52;40;26;0;20;0;0;72;0;0
7300110000000000590523;2018;3721.676660;55;55;0;0;92;0;44;2;46;0;46;0;141;61;80;32;76;22;0;3;40;3;0
7300110000000000590524;2018;1460.215949;17;16;1;0;28;0;14;0;14;0;14;0;49;23;26;0;0;6;0;0;43;0;0
7300110000000000590525;2018;1903.842554;33;32;1;0;56;0;27;1;27;1;27;1;81;42;39;0;0;22;0;4;55;0;4
7300110000000000590526;2018;734.812896;13;12;1;0;24;1;11;1;11;1;12;0;41;19;22;0;0;12;0;1;28;0;1
7300110000000000590527;2018;1695.468871;17;16;1;0;28;0;14;0;14;0;14;0;47;26;21;8;0;17;0;1;29;1;0
7300110000000000590528;2018;2634.201174;68;5;63;0;136;0;68;0;68;0;68;0;197;86;111;33;0;70;0;5;122;5;0
7300110000000000590529;2018;5443.165556;30;28;0;2;60;0;30;0;30;0;30;0;95;49;46;23;0;18;0;6;71;1;5
7300110000000000590530;2018;1923.366779;30;29;0;1;46;0;23;0;23;0;23;0;83;38;45;0;35;17;0;0;31;0;0
7300110000000000590531;2018;17792.088400;9;3;6;0;14;0;7;0;7;0;7;0;24;10;14;0;10;7;0;1;6;0;1
7300110000000000590532;2018;1817.805502;26;25;1;0;44;0;22;0;22;0;22;0;67;29;38;24;0;0;0;2;65;2;0
7300110000000000590601;2018;10021.769421;0;0;0;0;0;0;0;0;0;0;0;0;0;0;0;0;0;0;0;0;0;0;0
7300110000000000590602;2018;1831.914508;0;0;0;0;0;0;0;0;0;0;0;0;0;0;0;0;0;0;0;0;0;0;0
7300110000000000590603;2018;2138.756051;35;32;3;0;59;0;30;0;30;0;30;0;114;56;58;30;0;19;0;2;93;1;1
7300110000000000590604;2018;6643.334776;157;5;151;1;302;0;149;0;151;0;151;0;445;208;237;65;169;143;0;16;117;7;9
7300110000000000590605;2018;1252.200831;20;19;1;0;38;0;19;0;19;0;19;0;60;26;34;25;0;0;0;3;57;3;0
7300110000000000590606;2018;1290.762611;20;20;0;0;40;0;20;0;20;0;20;0;62;24;38;17;0;5;0;1;56;1;0
7300110000000000590607;2018;1222.604032;22;18;3;1;44;0;22;0;22;0;22;0;73;38;35;0;0;0;0;9;64;8;1
7300110000000000590609;2018;1453.736043;31;26;5;0;58;0;28;0;29;0;29;0;106;57;49;30;0;11;0;3;92;3;0
7300110000000000590610;2018;1457.569492;32;32;0;0;58;0;29;0;29;0;29;0;114;53;61;45;0;7;0;1;106;0;1
7300110000000000590611;2018;1358.290441;25;25;0;0;50;0;24;0;25;0;25;0;89;47;42;34;0;0;0;5;84;4;1
7300110000000000590612;2018;3526.911492;34;34;0;0;64;0;32;0;32;0;32;0;115;47;68;39;0;19;0;1;95;1;0
7300110000000000590613;2018;1537.940524;21;21;0;0;36;0;16;2;18;0;18;0;66;29;37;21;0;5;0;3;58;3;0
7300110000000000590614;2018;1426.442239;24;24;0;0;44;0;22;0;22;0;22;0;57;29;28;0;0;0;0;2;55;2;0
7300110000000000590615;2018;1463.299436;20;20;0;0;34;0;17;0;17;0;17;0;61;32;29;0;0;0;0;2;59;2;0
7300110000000000590616;2018;1333.917018;19;18;1;0;24;0;12;0;12;0;12;0;39;18;21;0;0;0;0;0;39;0;0
7300110000000000590617;2018;1579.146391;20;20;0;0;38;0;18;1;19;0;19;0;54;27;27;0;0;3;0;1;50;1;0
7300110000000000590618;2018;988.698799;18;18;0;0;10;0;5;0;5;0;5;0;19;6;13;0;0;0;0;1;18;1;0
7300110000000000590619;2018;2176.567978;27;27;0;0;47;0;23;1;23;1;23;1;85;36;49;35;0;5;0;2;78;1;1
7300110000000000590620;2018;2363.705339;31;31;0;0;62;0;30;1;31;0;31;0;133;63;70;45;0;7;0;5;121;5;0
7300110000000000590701;2018;13125.848769;116;106;9;1;213;1;104;2;105;2;106;1;268;127;141;68;106;63;10;8;81;0;8
7300110000000000590702;2018;2472.341149;19;19;0;0;22;0;11;0;11;0;11;0;33;16;17;0;0;10;0;0;23;0;0
7300110000000000590703;2018;2059.324721;32;15;17;0;62;0;31;0;31;0;31;0;98;50;48;29;0;23;0;3;72;1;2
7300110000000000590704;2018;3247.648707;40;22;3;15;80;0;40;0;40;0;40;0;154;80;74;57;0;13;0;7;134;7;0
7300110000000000590705;2018;1835.235987;43;28;15;0;76;0;38;0;38;0;38;0;118;63;55;42;0;12;0;7;99;6;1
7300110000000000590706;2018;1687.439337;31;10;20;1;60;0;30;0;30;0;30;0;104;56;48;36;0;13;0;3;88;3;0
7300110000000000590707;2018;1230.825153;19;18;0;1;38;0;18;1;19;0;19;0;66;26;40;27;0;6;0;5;55;5;0
7300110000000000590708;2018;2332.316226;48;24;9;15;96;0;48;0;48;0;48;0;126;60;66;43;0;0;0;11;115;6;5
7300110000000000590709;2018;1620.281876;47;21;8;18;86;0;43;0;43;0;43;0;113;54;59;46;0;15;0;8;90;6;2
7300110000000000590711;2018;1589.939538;31;31;0;0;58;0;27;0;29;0;28;1;88;43;45;0;0;33;0;3;52;2;1
7300110000000000590712;2018;3107.366443;0;0;0;0;0;0;0;0;0;0;0;0;0;0;0;0;0;0;0;0;0;0;0
7300110000000000590713;2018;846.419027;12;12;0;0;24;1;12;0;12;0;12;0;50;26;24;0;0;0;0;1;49;1;0
7300110000000000590714;2018;957.403989;7;5;2;0;14;0;7;0;7;0;7;0;23;12;11;0;0;5;0;1;17;1;0
7300110000000000590715;2018;41773.880363;261;8;249;4;384;1;189;3;192;0;192;0;498;241;257;71;147;214;33;9;95;3;6
7300110000000000590716;2018;3024.800546;82;69;12;1;142;0;66;0;71;0;71;0;189;91;98;73;0;23;0;3;163;0;3
7300110000000000590717;2018;1586.492549;32;25;6;1;64;0;32;0;32;0;32;0;98;45;53;22;0;42;0;2;54;2;0
7300110000000000590718;2018;7965.715697;0;0;0;0;0;0;0;0;0;0;0;0;0;0;0;0;0;0;0;0;0;0;0
7300110000000000590719;2018;1698.727975;34;33;1;0;66;0;33;0;33;0;33;0;110;52;58;0;0;33;0;3;74;2;1
7300110000000000590720;2018;487.838967;14;9;4;1;22;0;11;0;11;0;11;0;19;9;10;0;0;0;0;3;16;2;1
7300110000000000590721;2018;1556.170756;22;14;7;1;44;0;22;0;22;0;22;0;66;31;35;9;0;31;0;0;35;0;0
7300110000000000590722;2018;1408.362689;29;27;2;0;58;0;29;0;29;0;29;0;89;46;43;12;0;0;0;8;81;7;1
7300110000000000590723;2018;1137.698473;25;23;2;0;48;0;24;0;24;0;24;0;63;32;31;11;0;15;7;6;35;3;3
7300110000000000590724;2018;1745.289774;29;29;0;0;54;0;27;0;27;0;27;0;80;41;39;0;0;25;0;2;53;2;0
7300110000000000590725;2018;2114.265534;30;26;3;1;54;0;26;1;27;0;27;0;77;38;39;0;0;29;0;1;47;1;0
7300110000000000590726;2018;1278.905632;23;22;1;0;46;0;23;0;23;0;23;0;68;34;34;8;31;22;0;2;13;2;0
7300110000000000590727;2018;1482.033164;23;23;0;0;44;0;22;0;22;0;22;0;71;32;39;14;0;20;0;4;47;1;3
7300110000000000590728;2018;26109.795650;722;16;701;4;1051;0;518;2;526;0;526;0;1439;671;768;184;384;579;156;27;293;17;10
7300110000000000590729;2018;846.707997;15;11;1;3;30;0;15;0;15;0;15;0;38;15;23;0;0;0;0;1;37;1;0
7300110000000000590730;2018;924.103521;22;22;0;0;34;0;15;0;17;0;17;0;41;21;20;0;0;16;0;0;25;0;0
7300110000000000590731;2018;2809.598839;47;44;2;1;88;0;42;0;44;0;44;0;114;51;63;40;59;8;0;1;46;0;1
7300110000000000590732;2018;2235.270103;0;0;0;0;0;0;0;0;0;0;0;0;0;0;0;0;0;0;0;0;0;0;0
7300110000000000590733;2018;2432.680476;51;41;9;1;94;0;45;2;47;0;46;1;153;69;84;47;0;10;0;4;139;4;0
7300110000000000590734;2018;1923.685069;32;31;1;0;64;0;32;0;32;0;32;0;135;63;72;38;0;9;0;11;115;5;6
7300110000000000590735;2018;1605.218407;28;28;0;0;52;0;25;0;26;0;26;0;80;35;45;0;0;24;0;0;56;0;0
7300110000000000590736;2018;493.617567;10;8;2;0;20;0;10;0;10;0;10;0;23;9;14;0;0;0;0;1;22;0;1
7300110000000000590737;2018;2691.307027;20;12;7;1;27;0;13;1;14;0;14;0;37;16;21;6;0;10;0;0;27;0;0
7300110000000000590738;2018;1071.602864;26;18;4;4;48;0;24;0;24;0;24;0;59;30;29;0;0;20;0;0;39;0;0
7300110000000000590739;2018;8743.378991;0;0;0;0;0;0;0;0;0;0;0;0;0;0;0;0;0;0;0;0;0;0;0
7300110000000000590740;2018;6183.769484;12;4;8;0;24;0;11;0;12;0;12;0;30;16;14;0;0;0;0;5;25;0;5
7300110000000000730101;2018;10837.876242;75;28;47;0;138;0;69;0;69;0;69;0;185;84;101;29;0;52;0;7;126;5;2
7300110000000000730102;2018;4424.305449;35;35;0;0;70;0;34;1;35;0;35;0;112;60;52;36;50;14;0;4;44;4;0
7300110000000000730103;2018;7396.282020;19;19;0;0;37;0;18;1;18;1;18;1;65;34;31;0;0;11;0;2;52;1;1
7300110000000000730104;2018;239.972100;0;0;0;0;0;0;0;0;0;0;0;0;0;0;0;0;0;0;0;0;0;0;0
7300110000000000730107;2018;188.741658;5;4;0;1;10;0;5;0;5;0;5;0;10;6;4;0;0;0;0;0;10;0;0
7300110000000000730108;2018;311.879364;7;7;0;0;14;0;7;0;7;0;7;0;27;11;16;13;0;0;0;0;27;0;0
7300110000000000730113;2018;1548.083876;17;16;1;0;24;0;12;0;12;0;12;0;38;15;23;15;0;0;0;3;35;2;1
7300110000000000730118;2018;351.696510;10;9;1;0;18;0;9;0;9;0;9;0;28;14;14;0;0;8;0;1;19;0;1
7300110000000000730119;2018;566.062030;17;17;0;0;32;0;16;0;16;0;16;0;45;21;24;0;0;8;0;1;36;1;0
7300110000000000730123;2018;20372.231490;49;46;2;1;84;0;41;1;42;0;42;0;125;51;74;41;0;19;0;7;99;7;0
7300110000000000730125;2018;8790.058641;51;47;4;0;94;0;46;1;47;0;47;0;170;81;89;50;73;27;0;7;63;7;0
7300110000000000730126;2018;7908.092110;118;69;49;0;186;0;91;0;93;0;92;1;258;124;134;54;0;66;0;7;185;7;0
7300110000000000730127;2018;232.616678;4;4;0;0;8;0;4;0;4;0;4;0;19;11;8;0;0;0;0;0;19;0;0
7300110000000000730128;2018;881.537724;15;14;1;0;24;0;12;0;12;0;12;0;42;19;23;0;0;0;0;0;42;0;0
7300110000000000730129;2018;2870.010579;35;28;7;0;54;0;27;0;27;0;27;0;75;31;44;25;0;11;0;2;62;1;1
7300110000000000730130;2018;9049.266973;48;41;6;1;86;0;36;7;41;2;43;0;125;64;61;47;0;12;0;3;110;3;0
7300110000000000730131;2018;166.461567;4;4;0;0;8;0;4;0;4;0;4;0;9;5;4;0;0;0;0;0;9;0;0
7300110000000000730212;2018;6644.231232;0;0;0;0;0;0;0;0;0;0;0;0;0;0;0;0;0;0;0;0;0;0;0
7300110000000000730229;2018;30444.564278;62;61;1;0;100;0;50;0;50;0;50;0;156;73;83;70;0;17;0;1;138;1;0
7300110000000000730233;2018;10406.296349;68;58;10;0;124;0;51;10;62;0;62;0;214;108;106;57;0;18;0;9;187;7;2
7300110000000000730234;2018;730.330834;23;22;1;0;42;0;21;0;21;0;21;0;54;24;30;21;0;0;0;2;52;2;0
7300110000000000730235;2018;913.706323;22;21;1;0;34;0;17;0;17;0;17;0;68;29;39;22;0;0;0;1;67;1;0
7300110000000000730236;2018;866.990182;25;25;0;0;46;0;23;0;23;0;23;0;83;41;42;30;0;8;0;2;73;2;0
7300110000000000730237;2018;869.334937;24;24;0;0;40;0;20;0;20;0;20;0;65;31;34;23;0;0;0;3;62;3;0
7300110000000000730239;2018;3752.414048;63;63;0;0;122;0;59;1;56;5;61;0;184;89;95;69;0;24;0;10;150;7;3
7300110000000000730240;2018;3668.750761;43;28;13;2;80;0;40;0;40;0;38;2;126;61;65;44;0;0;0;13;113;10;3